dt,road_id,flow,avg_speed,density,weather
2026-09-01 00:00,R001,144,42.7,0.28,晴
2026-09-01 00:00,R002,150,43.6,0.29,晴
2026-09-01 00:00,R003,117,41.5,0.23,晴
2026-09-01 01:00,R001,142,42.9,0.27,晴
2026-09-01 01:00,R002,158,44.2,0.3,晴
2026-09-01 01:00,R003,98,45.6,0.19,小雨
2026-09-01 02:00,R001,126,44.1,0.24,阴
2026-09-01 02:00,R002,137,47.6,0.26,晴
2026-09-01 02:00,R003,139,41.7,0.27,晴
2026-09-01 03:00,R001,162,44.8,0.31,晴
2026-09-01 03:00,R002,163,41.9,0.31,晴
2026-09-01 03:00,R003,99,44.5,0.19,小雨
2026-09-01 04:00,R001,132,44.3,0.25,阴
2026-09-01 04:00,R002,175,41.2,0.34,小雨
2026-09-01 04:00,R003,98,44.1,0.19,阴
2026-09-01 05:00,R001,154,42.9,0.3,小雨
2026-09-01 05:00,R002,154,43.8,0.3,晴
2026-09-01 05:00,R003,193,35.8,0.37,阴
2026-09-01 06:00,R001,141,46.0,0.27,晴
2026-09-01 06:00,R002,167,42.7,0.32,小雨
2026-09-01 06:00,R003,141,47.9,0.27,小雨
2026-09-01 07:00,R001,464,17.6,0.89,阴
2026-09-01 07:00,R002,417,19.1,0.8,阴
2026-09-01 07:00,R003,410,25.4,0.79,小雨
2026-09-01 08:00,R001,370,23.1,0.71,晴
2026-09-01 08:00,R002,421,20.4,0.81,晴
2026-09-01 08:00,R003,409,21.3,0.79,阴
2026-09-01 09:00,R001,441,17.0,0.85,小雨
2026-09-01 09:00,R002,347,26.1,0.67,小雨
2026-09-01 09:00,R003,393,22.7,0.76,晴
2026-09-01 10:00,R001,148,40.2,0.28,小雨
2026-09-01 10:00,R002,85,45.8,0.16,阴
2026-09-01 10:00,R003,72,54.2,0.14,晴
2026-09-01 11:00,R001,134,43.8,0.26,晴
2026-09-01 11:00,R002,162,40.6,0.31,晴
2026-09-01 11:00,R003,159,39.7,0.31,晴
2026-09-01 12:00,R001,114,47.3,0.22,阴
2026-09-01 12:00,R002,58,49.2,0.11,晴
2026-09-01 12:00,R003,142,42.3,0.27,阴
2026-09-01 13:00,R001,150,39.1,0.29,晴
2026-09-01 13:00,R002,178,41.5,0.34,阴
2026-09-01 13:00,R003,205,38.0,0.39,小雨
2026-09-01 14:00,R001,146,45.2,0.28,晴
2026-09-01 14:00,R002,133,43.9,0.26,小雨
2026-09-01 14:00,R003,135,46.5,0.26,阴
2026-09-01 15:00,R001,160,43.5,0.31,晴
2026-09-01 15:00,R002,91,46.6,0.17,阴
2026-09-01 15:00,R003,191,37.8,0.37,阴
2026-09-01 16:00,R001,229,36.5,0.44,晴
2026-09-01 16:00,R002,151,43.9,0.29,阴
2026-09-01 16:00,R003,163,41.1,0.31,阴
2026-09-01 17:00,R001,458,11.8,0.88,阴
2026-09-01 17:00,R002,421,18.9,0.81,阴
2026-09-01 17:00,R003,439,18.0,0.84,阴
2026-09-01 18:00,R001,445,16.4,0.86,晴
2026-09-01 18:00,R002,472,14.2,0.91,小雨
2026-09-01 18:00,R003,429,20.9,0.82,小雨
2026-09-01 19:00,R001,397,20.2,0.76,阴
2026-09-01 19:00,R002,394,22.6,0.76,晴
2026-09-01 19:00,R003,395,24.4,0.76,晴
2026-09-01 20:00,R001,146,42.7,0.28,小雨
2026-09-01 20:00,R002,132,42.9,0.25,晴
2026-09-01 20:00,R003,158,41.2,0.3,晴
2026-09-01 21:00,R001,142,45.4,0.27,阴
2026-09-01 21:00,R002,205,41.4,0.39,阴
2026-09-01 21:00,R003,126,43.8,0.24,阴
2026-09-01 22:00,R001,158,40.6,0.3,晴
2026-09-01 22:00,R002,132,42.4,0.25,阴
2026-09-01 22:00,R003,94,47.8,0.18,小雨
2026-09-01 23:00,R001,121,42.5,0.23,晴
2026-09-01 23:00,R002,123,45.8,0.24,晴
2026-09-01 23:00,R003,150,43.8,0.29,阴
2026-09-02 00:00,R001,164,42.3,0.32,阴
2026-09-02 00:00,R002,150,47.0,0.29,阴
2026-09-02 00:00,R003,174,36.8,0.33,晴
2026-09-02 01:00,R001,276,34.4,0.53,晴
2026-09-02 01:00,R002,228,35.1,0.44,晴
2026-09-02 01:00,R003,170,42.8,0.33,晴
2026-09-02 02:00,R001,199,35.2,0.38,晴
2026-09-02 02:00,R002,76,52.7,0.15,晴
2026-09-02 02:00,R003,204,36.4,0.39,晴
2026-09-02 03:00,R001,72,51.3,0.14,阴
2026-09-02 03:00,R002,128,42.4,0.25,晴
2026-09-02 03:00,R003,123,49.8,0.24,阴
2026-09-02 04:00,R001,148,42.0,0.28,晴
2026-09-02 04:00,R002,193,39.8,0.37,阴
2026-09-02 04:00,R003,187,38.2,0.36,晴
2026-09-02 05:00,R001,163,41.2,0.31,晴
2026-09-02 05:00,R002,161,41.9,0.31,晴
2026-09-02 05:00,R003,81,51.0,0.16,阴
2026-09-02 06:00,R001,151,45.1,0.29,阴
2026-09-02 06:00,R002,194,40.3,0.37,阴
2026-09-02 06:00,R003,69,48.6,0.13,晴
2026-09-02 07:00,R001,405,19.7,0.78,晴
2026-09-02 07:00,R002,378,25.3,0.73,晴
2026-09-02 07:00,R003,342,27.7,0.66,晴
2026-09-02 08:00,R001,468,16.2,0.9,阴
2026-09-02 08:00,R002,433,18.9,0.83,晴
2026-09-02 08:00,R003,401,21.5,0.77,晴
2026-09-02 09:00,R001,472,12.9,0.91,晴
2026-09-02 09:00,R002,411,22.8,0.79,阴
2026-09-02 09:00,R003,406,18.5,0.78,小雨
2026-09-02 10:00,R001,98,46.3,0.19,阴
2026-09-02 10:00,R002,134,46.6,0.26,晴
2026-09-02 10:00,R003,143,47.3,0.28,小雨
2026-09-02 11:00,R001,123,44.2,0.24,阴
2026-09-02 11:00,R002,157,43.7,0.3,小雨
2026-09-02 11:00,R003,131,42.9,0.25,阴
2026-09-02 12:00,R001,149,47.0,0.29,晴
2026-09-02 12:00,R002,180,41.2,0.35,晴
2026-09-02 12:00,R003,180,40.5,0.35,晴
2026-09-02 13:00,R001,132,42.8,0.25,小雨
2026-09-02 13:00,R002,98,48.0,0.19,阴
2026-09-02 13:00,R003,163,41.5,0.31,小雨
2026-09-02 14:00,R001,186,38.1,0.36,晴
2026-09-02 14:00,R002,132,43.4,0.25,晴
2026-09-02 14:00,R003,182,40.3,0.35,晴
2026-09-02 15:00,R001,169,40.1,0.33,晴
2026-09-02 15:00,R002,133,42.3,0.26,阴
2026-09-02 15:00,R003,176,39.0,0.34,阴
2026-09-02 16:00,R001,149,38.0,0.29,晴
2026-09-02 16:00,R002,213,33.1,0.41,晴
2026-09-02 16:00,R003,155,41.8,0.3,小雨
2026-09-02 17:00,R001,474,13.9,0.91,阴
2026-09-02 17:00,R002,442,14.4,0.85,晴
2026-09-02 17:00,R003,413,24.1,0.79,晴
2026-09-02 18:00,R001,412,21.0,0.79,阴
2026-09-02 18:00,R002,431,22.7,0.83,阴
2026-09-02 18:00,R003,381,26.3,0.73,晴
2026-09-02 19:00,R001,428,22.2,0.82,阴
2026-09-02 19:00,R002,386,26.4,0.74,晴
2026-09-02 19:00,R003,395,24.0,0.76,小雨
2026-09-02 20:00,R001,193,38.6,0.37,晴
2026-09-02 20:00,R002,219,40.3,0.42,晴
2026-09-02 20:00,R003,62,47.1,0.12,晴
2026-09-02 21:00,R001,179,41.4,0.34,小雨
2026-09-02 21:00,R002,158,39.7,0.3,阴
2026-09-02 21:00,R003,206,40.7,0.4,晴
2026-09-02 22:00,R001,148,45.8,0.28,晴
2026-09-02 22:00,R002,87,47.3,0.17,小雨
2026-09-02 22:00,R003,139,40.2,0.27,小雨
2026-09-02 23:00,R001,162,43.5,0.31,小雨
2026-09-02 23:00,R002,192,37.7,0.37,小雨
2026-09-02 23:00,R003,182,37.2,0.35,晴
2026-09-03 00:00,R001,98,46.7,0.19,晴
2026-09-03 00:00,R002,126,45.5,0.24,晴
2026-09-03 00:00,R003,168,43.8,0.32,阴
2026-09-03 01:00,R001,116,41.5,0.22,阴
2026-09-03 01:00,R002,117,44.4,0.23,晴
2026-09-03 01:00,R003,142,44.5,0.27,阴
2026-09-03 02:00,R001,125,43.5,0.24,阴
2026-09-03 02:00,R002,127,44.9,0.24,阴
2026-09-03 02:00,R003,174,35.6,0.33,小雨
2026-09-03 03:00,R001,157,42.7,0.3,阴
2026-09-03 03:00,R002,124,42.3,0.24,晴
2026-09-03 03:00,R003,174,37.5,0.33,小雨
2026-09-03 04:00,R001,126,47.9,0.24,晴
2026-09-03 04:00,R002,175,40.6,0.34,阴
2026-09-03 04:00,R003,104,44.1,0.2,阴
2026-09-03 05:00,R001,107,47.5,0.21,晴
2026-09-03 05:00,R002,143,41.2,0.28,阴
2026-09-03 05:00,R003,151,45.3,0.29,晴
2026-09-03 06:00,R001,204,35.5,0.39,晴
2026-09-03 06:00,R002,154,40.8,0.3,小雨
2026-09-03 06:00,R003,138,43.4,0.27,晴
2026-09-03 07:00,R001,435,18.2,0.84,晴
2026-09-03 07:00,R002,436,15.9,0.84,阴
2026-09-03 07:00,R003,349,23.2,0.67,阴
2026-09-03 08:00,R001,377,21.5,0.72,阴
2026-09-03 08:00,R002,351,27.7,0.68,阴
2026-09-03 08:00,R003,466,14.2,0.9,阴
2026-09-03 09:00,R001,364,25.7,0.7,小雨
2026-09-03 09:00,R002,409,24.3,0.79,阴
2026-09-03 09:00,R003,400,20.5,0.77,晴
2026-09-03 10:00,R001,144,41.6,0.28,晴
2026-09-03 10:00,R002,131,46.3,0.25,晴
2026-09-03 10:00,R003,170,42.4,0.33,晴
2026-09-03 11:00,R001,146,42.1,0.28,阴
2026-09-03 11:00,R002,130,46.1,0.25,晴
2026-09-03 11:00,R003,159,43.8,0.31,阴
2026-09-03 12:00,R001,156,41.9,0.3,阴
2026-09-03 12:00,R002,147,42.9,0.28,晴
2026-09-03 12:00,R003,139,45.3,0.27,阴
2026-09-03 13:00,R001,94,46.4,0.18,阴
2026-09-03 13:00,R002,182,38.4,0.35,晴
2026-09-03 13:00,R003,142,43.4,0.27,晴
2026-09-03 14:00,R001,119,42.0,0.23,小雨
2026-09-03 14:00,R002,169,42.8,0.33,晴
2026-09-03 14:00,R003,192,38.7,0.37,阴
2026-09-03 15:00,R001,106,44.6,0.2,晴
2026-09-03 15:00,R002,138,42.7,0.27,阴
2026-09-03 15:00,R003,161,43.0,0.31,晴
2026-09-03 16:00,R001,157,43.6,0.3,阴
2026-09-03 16:00,R002,134,48.7,0.26,阴
2026-09-03 16:00,R003,149,43.4,0.29,晴
2026-09-03 17:00,R001,419,19.4,0.81,晴
2026-09-03 17:00,R002,422,20.6,0.81,小雨
2026-09-03 17:00,R003,428,19.5,0.82,晴
2026-09-03 18:00,R001,422,20.2,0.81,晴
2026-09-03 18:00,R002,422,22.1,0.81,晴
2026-09-03 18:00,R003,397,21.4,0.76,小雨
2026-09-03 19:00,R001,418,22.1,0.8,阴
2026-09-03 19:00,R002,374,21.8,0.72,晴
2026-09-03 19:00,R003,423,18.6,0.81,晴
2026-09-03 20:00,R001,156,42.3,0.3,晴
2026-09-03 20:00,R002,82,46.2,0.16,阴
2026-09-03 20:00,R003,105,48.2,0.2,晴
2026-09-03 21:00,R001,94,45.1,0.18,晴
2026-09-03 21:00,R002,198,40.6,0.38,小雨
2026-09-03 21:00,R003,135,43.2,0.26,阴
2026-09-03 22:00,R001,156,40.2,0.3,阴
2026-09-03 22:00,R002,143,42.4,0.28,小雨
2026-09-03 22:00,R003,113,48.9,0.22,阴
2026-09-03 23:00,R001,220,39.8,0.42,小雨
2026-09-03 23:00,R002,180,38.6,0.35,晴
2026-09-03 23:00,R003,97,48.2,0.19,小雨
2026-09-04 00:00,R001,141,46.9,0.27,阴
2026-09-04 00:00,R002,156,39.8,0.3,小雨
2026-09-04 00:00,R003,124,43.7,0.24,晴
2026-09-04 01:00,R001,157,41.2,0.3,阴
2026-09-04 01:00,R002,151,44.7,0.29,阴
2026-09-04 01:00,R003,134,42.3,0.26,阴
2026-09-04 02:00,R001,163,40.4,0.31,晴
2026-09-04 02:00,R002,133,45.1,0.26,晴
2026-09-04 02:00,R003,189,37.1,0.36,晴
2026-09-04 03:00,R001,110,45.0,0.21,晴
2026-09-04 03:00,R002,197,40.2,0.38,阴
2026-09-04 03:00,R003,125,44.1,0.24,阴
2026-09-04 04:00,R001,125,42.7,0.24,晴
2026-09-04 04:00,R002,170,41.6,0.33,小雨
2026-09-04 04:00,R003,152,45.3,0.29,晴
2026-09-04 05:00,R001,107,46.5,0.21,阴
2026-09-04 05:00,R002,194,38.8,0.37,晴
2026-09-04 05:00,R003,141,41.7,0.27,晴
2026-09-04 06:00,R001,156,45.2,0.3,晴
2026-09-04 06:00,R002,181,41.6,0.35,小雨
2026-09-04 06:00,R003,159,43.0,0.31,阴
2026-09-04 07:00,R001,412,23.3,0.79,阴
2026-09-04 07:00,R002,339,23.5,0.65,晴
2026-09-04 07:00,R003,410,22.6,0.79,晴
2026-09-04 08:00,R001,463,16.6,0.89,晴
2026-09-04 08:00,R002,431,19.3,0.83,晴
2026-09-04 08:00,R003,414,19.5,0.8,阴
2026-09-04 09:00,R001,424,19.9,0.82,晴
2026-09-04 09:00,R002,382,23.6,0.73,晴
2026-09-04 09:00,R003,446,17.5,0.86,阴
2026-09-04 10:00,R001,159,42.2,0.31,阴
2026-09-04 10:00,R002,194,40.1,0.37,晴
2026-09-04 10:00,R003,186,42.5,0.36,晴
2026-09-04 11:00,R001,172,41.4,0.33,阴
2026-09-04 11:00,R002,154,39.4,0.3,阴
2026-09-04 11:00,R003,156,44.4,0.3,阴
2026-09-04 12:00,R001,174,39.6,0.33,阴
2026-09-04 12:00,R002,179,40.0,0.34,阴
2026-09-04 12:00,R003,232,37.5,0.45,晴
2026-09-04 13:00,R001,172,40.2,0.33,晴
2026-09-04 13:00,R002,148,43.5,0.28,晴
2026-09-04 13:00,R003,156,42.7,0.3,晴
2026-09-04 14:00,R001,105,47.9,0.2,阴
2026-09-04 14:00,R002,143,44.5,0.28,小雨
2026-09-04 14:00,R003,135,47.6,0.26,晴
2026-09-04 15:00,R001,119,40.9,0.23,小雨
2026-09-04 15:00,R002,96,45.1,0.18,晴
2026-09-04 15:00,R003,110,47.0,0.21,小雨
2026-09-04 16:00,R001,166,42.4,0.32,晴
2026-09-04 16:00,R002,168,41.5,0.32,晴
2026-09-04 16:00,R003,96,44.9,0.18,晴
2026-09-04 17:00,R001,383,23.9,0.74,晴
2026-09-04 17:00,R002,394,17.6,0.76,阴
2026-09-04 17:00,R003,383,22.5,0.74,阴
2026-09-04 18:00,R001,456,17.5,0.88,晴
2026-09-04 18:00,R002,413,20.3,0.79,晴
2026-09-04 18:00,R003,484,13.8,0.93,阴
2026-09-04 19:00,R001,413,20.4,0.79,小雨
2026-09-04 19:00,R002,439,16.1,0.84,晴
2026-09-04 19:00,R003,370,24.7,0.71,晴
2026-09-04 20:00,R001,169,43.3,0.33,小雨
2026-09-04 20:00,R002,186,34.7,0.36,阴
2026-09-04 20:00,R003,131,45.6,0.25,小雨
2026-09-04 21:00,R001,166,41.9,0.32,阴
2026-09-04 21:00,R002,139,41.9,0.27,阴
2026-09-04 21:00,R003,167,38.8,0.32,阴
2026-09-04 22:00,R001,172,41.5,0.33,晴
2026-09-04 22:00,R002,184,39.3,0.35,阴
2026-09-04 22:00,R003,150,42.4,0.29,阴
2026-09-04 23:00,R001,138,43.7,0.27,阴
2026-09-04 23:00,R002,111,48.3,0.21,小雨
2026-09-04 23:00,R003,139,43.6,0.27,晴
2026-09-05 00:00,R001,73,47.5,0.14,阴
2026-09-05 00:00,R002,179,38.5,0.34,晴
2026-09-05 00:00,R003,197,38.1,0.38,晴
2026-09-05 01:00,R001,142,41.5,0.27,晴
2026-09-05 01:00,R002,135,43.5,0.26,晴
2026-09-05 01:00,R003,133,44.2,0.26,晴
2026-09-05 02:00,R001,94,47.2,0.18,阴
2026-09-05 02:00,R002,139,41.4,0.27,阴
2026-09-05 02:00,R003,175,40.2,0.34,阴
2026-09-05 03:00,R001,163,42.4,0.31,阴
2026-09-05 03:00,R002,78,48.3,0.15,晴
2026-09-05 03:00,R003,139,46.9,0.27,阴
2026-09-05 04:00,R001,117,48.2,0.23,晴
2026-09-05 04:00,R002,162,40.0,0.31,晴
2026-09-05 04:00,R003,174,38.3,0.33,小雨
2026-09-05 05:00,R001,130,44.2,0.25,阴
2026-09-05 05:00,R002,118,45.3,0.23,阴
2026-09-05 05:00,R003,91,50.7,0.17,晴
2026-09-05 06:00,R001,175,40.2,0.34,阴
2026-09-05 06:00,R002,156,45.4,0.3,晴
2026-09-05 06:00,R003,133,46.0,0.26,阴
2026-09-05 07:00,R001,381,25.2,0.73,小雨
2026-09-05 07:00,R002,460,16.4,0.88,晴
2026-09-05 07:00,R003,483,18.4,0.93,晴
2026-09-05 08:00,R001,468,13.0,0.9,阴
2026-09-05 08:00,R002,482,17.4,0.93,晴
2026-09-05 08:00,R003,413,18.6,0.79,小雨
2026-09-05 09:00,R001,433,18.8,0.83,晴
2026-09-05 09:00,R002,391,25.0,0.75,小雨
2026-09-05 09:00,R003,447,18.6,0.86,小雨
2026-09-05 10:00,R001,171,39.2,0.33,晴
2026-09-05 10:00,R002,98,43.8,0.19,阴
2026-09-05 10:00,R003,156,41.6,0.3,晴
2026-09-05 11:00,R001,155,45.1,0.3,晴
2026-09-05 11:00,R002,208,37.6,0.4,阴
2026-09-05 11:00,R003,208,37.2,0.4,小雨
2026-09-05 12:00,R001,176,38.8,0.34,小雨
2026-09-05 12:00,R002,147,43.2,0.28,晴
2026-09-05 12:00,R003,158,40.2,0.3,晴
2026-09-05 13:00,R001,126,45.1,0.24,阴
2026-09-05 13:00,R002,93,45.8,0.18,晴
2026-09-05 13:00,R003,171,43.2,0.33,阴
2026-09-05 14:00,R001,131,43.1,0.25,阴
2026-09-05 14:00,R002,174,42.2,0.33,晴
2026-09-05 14:00,R003,99,47.5,0.19,阴
2026-09-05 15:00,R001,192,37.2,0.37,晴
2026-09-05 15:00,R002,225,38.4,0.43,阴
2026-09-05 15:00,R003,122,49.7,0.23,小雨
2026-09-05 16:00,R001,149,46.4,0.29,晴
2026-09-05 16:00,R002,218,36.8,0.42,晴
2026-09-05 16:00,R003,153,44.8,0.29,阴
2026-09-05 17:00,R001,404,24.3,0.78,晴
2026-09-05 17:00,R002,470,15.4,0.9,晴
2026-09-05 17:00,R003,489,14.5,0.94,小雨
2026-09-05 18:00,R001,495,13.0,0.95,小雨
2026-09-05 18:00,R002,344,26.4,0.66,晴
2026-09-05 18:00,R003,424,18.2,0.82,晴
2026-09-05 19:00,R001,424,20.9,0.82,晴
2026-09-05 19:00,R002,395,19.2,0.76,小雨
2026-09-05 19:00,R003,412,19.7,0.79,晴
2026-09-05 20:00,R001,191,37.4,0.37,晴
2026-09-05 20:00,R002,152,41.8,0.29,晴
2026-09-05 20:00,R003,148,41.8,0.28,晴
2026-09-05 21:00,R001,133,45.8,0.26,晴
2026-09-05 21:00,R002,179,41.9,0.34,晴
2026-09-05 21:00,R003,74,48.0,0.14,晴
2026-09-05 22:00,R001,147,46.5,0.28,阴
2026-09-05 22:00,R002,178,39.8,0.34,晴
2026-09-05 22:00,R003,163,39.3,0.31,晴
2026-09-05 23:00,R001,207,41.8,0.4,小雨
2026-09-05 23:00,R002,134,38.3,0.26,阴
2026-09-05 23:00,R003,108,48.6,0.21,晴
2026-09-06 00:00,R001,148,43.7,0.28,晴
2026-09-06 00:00,R002,125,41.9,0.24,阴
2026-09-06 00:00,R003,113,47.5,0.22,晴
2026-09-06 01:00,R001,169,41.8,0.33,晴
2026-09-06 01:00,R002,88,44.4,0.17,晴
2026-09-06 01:00,R003,171,40.0,0.33,晴
2026-09-06 02:00,R001,124,43.0,0.24,小雨
2026-09-06 02:00,R002,138,45.4,0.27,晴
2026-09-06 02:00,R003,159,41.9,0.31,阴
2026-09-06 03:00,R001,169,41.9,0.33,阴
2026-09-06 03:00,R002,175,42.1,0.34,小雨
2026-09-06 03:00,R003,201,37.3,0.39,阴
2026-09-06 04:00,R001,99,48.4,0.19,晴
2026-09-06 04:00,R002,188,37.4,0.36,阴
2026-09-06 04:00,R003,88,44.5,0.17,晴
2026-09-06 05:00,R001,182,40.2,0.35,阴
2026-09-06 05:00,R002,125,45.1,0.24,晴
2026-09-06 05:00,R003,193,40.7,0.37,阴
2026-09-06 06:00,R001,191,37.4,0.37,晴
2026-09-06 06:00,R002,131,44.9,0.25,晴
2026-09-06 06:00,R003,211,36.2,0.41,晴
2026-09-06 07:00,R001,393,19.8,0.76,阴
2026-09-06 07:00,R002,431,19.0,0.83,晴
2026-09-06 07:00,R003,420,21.0,0.81,阴
2026-09-06 08:00,R001,438,22.1,0.84,阴
2026-09-06 08:00,R002,426,20.8,0.82,晴
2026-09-06 08:00,R003,410,21.8,0.79,阴
2026-09-06 09:00,R001,489,14.3,0.94,晴
2026-09-06 09:00,R002,463,16.2,0.89,晴
2026-09-06 09:00,R003,474,18.1,0.91,晴
2026-09-06 10:00,R001,211,37.7,0.41,晴
2026-09-06 10:00,R002,144,42.8,0.28,晴
2026-09-06 10:00,R003,204,39.1,0.39,阴
2026-09-06 11:00,R001,159,42.2,0.31,阴
2026-09-06 11:00,R002,157,39.6,0.3,晴
2026-09-06 11:00,R003,126,44.9,0.24,阴
2026-09-06 12:00,R001,208,38.6,0.4,小雨
2026-09-06 12:00,R002,111,45.5,0.21,晴
2026-09-06 12:00,R003,187,40.3,0.36,阴
2026-09-06 13:00,R001,135,44.2,0.26,小雨
2026-09-06 13:00,R002,161,41.2,0.31,晴
2026-09-06 13:00,R003,141,44.3,0.27,晴
2026-09-06 14:00,R001,142,46.0,0.27,阴
2026-09-06 14:00,R002,141,41.3,0.27,阴
2026-09-06 14:00,R003,112,45.2,0.22,阴
2026-09-06 15:00,R001,93,48.8,0.18,晴
2026-09-06 15:00,R002,180,37.7,0.35,阴
2026-09-06 15:00,R003,145,41.5,0.28,阴
2026-09-06 16:00,R001,177,38.9,0.34,阴
2026-09-06 16:00,R002,104,48.3,0.2,晴
2026-09-06 16:00,R003,103,47.7,0.2,晴
2026-09-06 17:00,R001,471,14.9,0.91,阴
2026-09-06 17:00,R002,480,16.5,0.92,晴
2026-09-06 17:00,R003,367,25.8,0.71,晴
2026-09-06 18:00,R001,436,16.3,0.84,阴
2026-09-06 18:00,R002,463,15.7,0.89,小雨
2026-09-06 18:00,R003,443,19.4,0.85,小雨
2026-09-06 19:00,R001,454,16.4,0.87,小雨
2026-09-06 19:00,R002,447,18.3,0.86,晴
2026-09-06 19:00,R003,392,24.4,0.75,晴
2026-09-06 20:00,R001,172,42.6,0.33,晴
2026-09-06 20:00,R002,123,46.8,0.24,晴
2026-09-06 20:00,R003,153,39.6,0.29,阴
2026-09-06 21:00,R001,203,33.6,0.39,阴
2026-09-06 21:00,R002,112,43.8,0.22,晴
2026-09-06 21:00,R003,110,44.0,0.21,小雨
2026-09-06 22:00,R001,147,44.0,0.28,小雨
2026-09-06 22:00,R002,156,37.5,0.3,晴
2026-09-06 22:00,R003,220,36.8,0.42,阴
2026-09-06 23:00,R001,142,42.5,0.27,小雨
2026-09-06 23:00,R002,144,42.6,0.28,小雨
2026-09-06 23:00,R003,116,45.0,0.22,阴
2026-09-07 00:00,R001,131,45.7,0.25,小雨
2026-09-07 00:00,R002,112,49.9,0.22,阴
2026-09-07 00:00,R003,159,42.1,0.31,晴
2026-09-07 01:00,R001,150,41.9,0.29,晴
2026-09-07 01:00,R002,142,46.1,0.27,阴
2026-09-07 01:00,R003,121,43.6,0.23,晴
2026-09-07 02:00,R001,150,41.5,0.29,阴
2026-09-07 02:00,R002,190,41.1,0.37,阴
2026-09-07 02:00,R003,98,47.1,0.19,晴
2026-09-07 03:00,R001,168,46.7,0.32,晴
2026-09-07 03:00,R002,179,40.2,0.34,晴
2026-09-07 03:00,R003,156,38.6,0.3,晴
2026-09-07 04:00,R001,147,43.0,0.28,小雨
2026-09-07 04:00,R002,133,44.4,0.26,阴
2026-09-07 04:00,R003,138,41.2,0.27,小雨
2026-09-07 05:00,R001,154,41.4,0.3,小雨
2026-09-07 05:00,R002,156,42.1,0.3,晴
2026-09-07 05:00,R003,179,38.1,0.34,阴
2026-09-07 06:00,R001,108,47.6,0.21,晴
2026-09-07 06:00,R002,155,42.4,0.3,晴
2026-09-07 06:00,R003,190,43.5,0.37,阴
2026-09-07 07:00,R001,458,12.9,0.88,晴
2026-09-07 07:00,R002,404,21.7,0.78,阴
2026-09-07 07:00,R003,383,21.8,0.74,阴
2026-09-07 08:00,R001,459,14.3,0.88,晴
2026-09-07 08:00,R002,409,22.0,0.79,阴
2026-09-07 08:00,R003,391,20.6,0.75,晴
2026-09-07 09:00,R001,446,16.8,0.86,小雨
2026-09-07 09:00,R002,468,15.3,0.9,晴
2026-09-07 09:00,R003,421,21.0,0.81,晴
2026-09-07 10:00,R001,159,42.8,0.31,小雨
2026-09-07 10:00,R002,226,38.4,0.43,小雨
2026-09-07 10:00,R003,91,47.5,0.17,阴
2026-09-07 11:00,R001,74,50.3,0.14,阴
2026-09-07 11:00,R002,86,43.2,0.17,晴
2026-09-07 11:00,R003,182,37.7,0.35,晴
2026-09-07 12:00,R001,113,46.4,0.22,小雨
2026-09-07 12:00,R002,140,44.8,0.27,晴
2026-09-07 12:00,R003,141,43.9,0.27,阴
2026-09-07 13:00,R001,138,43.7,0.27,晴
2026-09-07 13:00,R002,211,39.3,0.41,晴
2026-09-07 13:00,R003,118,43.6,0.23,阴
2026-09-07 14:00,R001,73,46.5,0.14,小雨
2026-09-07 14:00,R002,180,38.7,0.35,阴
2026-09-07 14:00,R003,132,42.6,0.25,阴
2026-09-07 15:00,R001,61,49.9,0.12,阴
2026-09-07 15:00,R002,209,40.2,0.4,晴
2026-09-07 15:00,R003,164,41.2,0.32,小雨
2026-09-07 16:00,R001,162,42.8,0.31,阴
2026-09-07 16:00,R002,192,38.9,0.37,阴
2026-09-07 16:00,R003,168,42.6,0.32,晴
2026-09-07 17:00,R001,374,26.1,0.72,小雨
2026-09-07 17:00,R002,369,22.2,0.71,小雨
2026-09-07 17:00,R003,404,22.9,0.78,阴
2026-09-07 18:00,R001,407,19.6,0.78,小雨
2026-09-07 18:00,R002,473,11.4,0.91,阴
2026-09-07 18:00,R003,442,16.9,0.85,阴
2026-09-07 19:00,R001,379,19.6,0.73,晴
2026-09-07 19:00,R002,473,15.0,0.91,阴
2026-09-07 19:00,R003,457,19.2,0.88,晴
2026-09-07 20:00,R001,137,45.4,0.26,晴
2026-09-07 20:00,R002,170,38.1,0.33,小雨
2026-09-07 20:00,R003,227,36.0,0.44,晴
2026-09-07 21:00,R001,127,42.8,0.24,晴
2026-09-07 21:00,R002,179,40.3,0.34,晴
2026-09-07 21:00,R003,117,48.1,0.23,晴
2026-09-07 22:00,R001,152,43.4,0.29,晴
2026-09-07 22:00,R002,132,47.4,0.25,阴
2026-09-07 22:00,R003,158,38.1,0.3,阴
2026-09-07 23:00,R001,180,40.4,0.35,阴
2026-09-07 23:00,R002,173,42.0,0.33,晴
2026-09-07 23:00,R003,172,43.5,0.33,阴
2026-09-01 00:00,R001,82,68.0,0.05,晴
2026-09-01 00:00,R002,85,75.2,0.05,晴
2026-09-01 00:00,R003,89,68.7,0.05,晴
2026-09-01 00:00,R004,90,70.0,0.05,晴
2026-09-01 00:00,R005,99,69.8,0.05,晴
2026-09-01 00:00,R006,95,70.0,0.05,晴
2026-09-01 00:00,R007,114,67.9,0.05,晴
2026-09-01 00:00,R008,65,71.2,0.05,晴
2026-09-01 01:00,R001,87,62.7,0.11,晴
2026-09-01 01:00,R002,115,67.8,0.06,晴
2026-09-01 01:00,R003,127,67.1,0.05,晴
2026-09-01 01:00,R004,117,67.3,0.05,晴
2026-09-01 01:00,R005,93,70.3,0.05,晴
2026-09-01 01:00,R006,97,62.2,0.06,晴
2026-09-01 01:00,R007,96,62.5,0.05,晴
2026-09-01 01:00,R008,114,64.5,0.05,晴
2026-09-01 02:00,R001,92,64.5,0.11,晴
2026-09-01 02:00,R002,99,68.9,0.05,晴
2026-09-01 02:00,R003,70,69.7,0.05,晴
2026-09-01 02:00,R004,91,72.3,0.05,晴
2026-09-01 02:00,R005,112,69.2,0.05,晴
2026-09-01 02:00,R006,77,64.7,0.05,晴
2026-09-01 02:00,R007,87,65.1,0.1,晴
2026-09-01 02:00,R008,75,71.2,0.05,晴
2026-09-01 03:00,R001,81,72.1,0.05,晴
2026-09-01 03:00,R002,107,65.4,0.05,晴
2026-09-01 03:00,R003,117,68.8,0.05,晴
2026-09-01 03:00,R004,134,65.1,0.06,晴
2026-09-01 03:00,R005,81,63.8,0.05,晴
2026-09-01 03:00,R006,109,69.2,0.05,晴
2026-09-01 03:00,R007,102,63.5,0.12,晴
2026-09-01 03:00,R008,123,68.2,0.07,晴
2026-09-01 04:00,R001,123,62.4,0.08,晴
2026-09-01 04:00,R002,134,57.9,0.08,晴
2026-09-01 04:00,R003,118,59.6,0.15,晴
2026-09-01 04:00,R004,93,64.0,0.07,晴
2026-09-01 04:00,R005,153,57.0,0.16,晴
2026-09-01 04:00,R006,133,58.2,0.13,晴
2026-09-01 04:00,R007,145,56.8,0.13,晴
2026-09-01 04:00,R008,112,63.0,0.05,晴
2026-09-01 05:00,R001,140,61.7,0.12,晴
2026-09-01 05:00,R002,79,69.8,0.05,晴
2026-09-01 05:00,R003,115,70.3,0.05,晴
2026-09-01 05:00,R004,75,66.3,0.07,晴
2026-09-01 05:00,R005,70,69.1,0.05,晴
2026-09-01 05:00,R006,84,67.0,0.08,晴
2026-09-01 05:00,R007,85,65.7,0.06,晴
2026-09-01 05:00,R008,75,68.8,0.05,晴
2026-09-01 06:00,R001,52,81.4,0.05,晴
2026-09-01 06:00,R002,55,76.1,0.05,晴
2026-09-01 06:00,R003,41,80.8,0.05,晴
2026-09-01 06:00,R004,81,75.6,0.05,晴
2026-09-01 06:00,R005,69,84.0,0.05,晴
2026-09-01 06:00,R006,78,77.3,0.05,晴
2026-09-01 06:00,R007,97,76.2,0.05,晴
2026-09-01 06:00,R008,78,79.6,0.05,晴
2026-09-01 07:00,R001,251,14.8,0.47,晴
2026-09-01 07:00,R002,258,18.5,0.46,晴
2026-09-01 07:00,R003,205,23.6,0.39,晴
2026-09-01 07:00,R004,270,17.2,0.43,晴
2026-09-01 07:00,R005,249,15.7,0.46,晴
2026-09-01 07:00,R006,235,16.6,0.5,晴
2026-09-01 07:00,R007,267,18.2,0.45,晴
2026-09-01 07:00,R008,287,14.3,0.51,晴
2026-09-01 08:00,R001,205,38.6,0.24,晴
2026-09-01 08:00,R002,180,34.2,0.31,晴
2026-09-01 08:00,R003,202,30.0,0.4,晴
2026-09-01 08:00,R004,221,32.0,0.33,晴
2026-09-01 08:00,R005,226,33.6,0.37,晴
2026-09-01 08:00,R006,208,34.9,0.27,晴
2026-09-01 08:00,R007,231,32.3,0.34,晴
2026-09-01 08:00,R008,210,34.8,0.27,晴
2026-09-01 09:00,R001,241,26.7,0.34,晴
2026-09-01 09:00,R002,180,31.3,0.31,晴
2026-09-01 09:00,R003,227,27.6,0.34,晴
2026-09-01 09:00,R004,254,22.9,0.38,晴
2026-09-01 09:00,R005,224,27.6,0.36,晴
2026-09-01 09:00,R006,218,27.5,0.41,晴
2026-09-01 09:00,R007,241,23.7,0.38,晴
2026-09-01 09:00,R008,233,25.6,0.37,晴
2026-09-01 10:00,R001,123,50.4,0.18,多云
2026-09-01 10:00,R002,171,52.9,0.12,多云
2026-09-01 10:00,R003,150,45.0,0.27,多云
2026-09-01 10:00,R004,167,51.7,0.16,多云
2026-09-01 10:00,R005,186,44.5,0.25,多云
2026-09-01 10:00,R006,182,49.0,0.21,多云
2026-09-01 10:00,R007,190,43.0,0.22,多云
2026-09-01 10:00,R008,177,49.5,0.15,多云
2026-09-01 11:00,R001,186,39.0,0.25,多云
2026-09-01 11:00,R002,181,43.9,0.2,多云
2026-09-01 11:00,R003,153,44.2,0.23,多云
2026-09-01 11:00,R004,180,46.9,0.17,多云
2026-09-01 11:00,R005,160,42.1,0.2,多云
2026-09-01 11:00,R006,171,45.6,0.2,多云
2026-09-01 11:00,R007,167,45.3,0.22,多云
2026-09-01 11:00,R008,160,38.0,0.32,多云
2026-09-01 12:00,R001,130,63.1,0.08,多云
2026-09-01 12:00,R002,100,59.1,0.09,多云
2026-09-01 12:00,R003,117,66.6,0.08,多云
2026-09-01 12:00,R004,82,66.6,0.05,多云
2026-09-01 12:00,R005,141,58.6,0.15,多云
2026-09-01 12:00,R006,122,61.7,0.05,多云
2026-09-01 12:00,R007,121,66.9,0.09,多云
2026-09-01 12:00,R008,125,65.7,0.05,多云
2026-09-01 13:00,R001,155,56.7,0.16,多云
2026-09-01 13:00,R002,132,62.1,0.06,多云
2026-09-01 13:00,R003,92,61.3,0.13,多云
2026-09-01 13:00,R004,97,62.0,0.11,多云
2026-09-01 13:00,R005,114,58.0,0.15,多云
2026-09-01 13:00,R006,104,55.7,0.11,多云
2026-09-01 13:00,R007,151,56.7,0.17,多云
2026-09-01 13:00,R008,139,56.2,0.12,多云
2026-09-01 14:00,R001,131,64.9,0.05,多云
2026-09-01 14:00,R002,73,69.2,0.07,多云
2026-09-01 14:00,R003,89,62.2,0.08,多云
2026-09-01 14:00,R004,88,66.8,0.05,多云
2026-09-01 14:00,R005,99,64.6,0.07,多云
2026-09-01 14:00,R006,126,62.1,0.05,多云
2026-09-01 14:00,R007,95,68.8,0.05,多云
2026-09-01 14:00,R008,109,66.9,0.05,多云
2026-09-01 15:00,R001,159,43.4,0.22,多云
2026-09-01 15:00,R002,177,45.2,0.2,多云
2026-09-01 15:00,R003,175,39.8,0.26,多云
2026-09-01 15:00,R004,158,39.7,0.26,多云
2026-09-01 15:00,R005,172,46.2,0.26,多云
2026-09-01 15:00,R006,159,42.9,0.25,多云
2026-09-01 15:00,R007,176,36.8,0.29,多云
2026-09-01 15:00,R008,181,42.5,0.24,多云
2026-09-01 16:00,R001,153,48.2,0.24,多云
2026-09-01 16:00,R002,118,54.0,0.11,多云
2026-09-01 16:00,R003,154,51.2,0.16,多云
2026-09-01 16:00,R004,152,54.2,0.17,多云
2026-09-01 16:00,R005,137,48.3,0.15,多云
2026-09-01 16:00,R006,153,48.5,0.23,多云
2026-09-01 16:00,R007,154,46.8,0.22,多云
2026-09-01 16:00,R008,167,48.0,0.2,多云
2026-09-01 17:00,R001,206,21.4,0.45,晴
2026-09-01 17:00,R002,208,22.6,0.4,晴
2026-09-01 17:00,R003,277,16.6,0.46,晴
2026-09-01 17:00,R004,238,15.4,0.51,晴
2026-09-01 17:00,R005,259,19.4,0.46,晴
2026-09-01 17:00,R006,231,24.8,0.44,晴
2026-09-01 17:00,R007,235,23.8,0.42,晴
2026-09-01 17:00,R008,260,19.9,0.44,晴
2026-09-01 18:00,R001,192,35.4,0.28,晴
2026-09-01 18:00,R002,217,30.4,0.37,晴
2026-09-01 18:00,R003,208,33.2,0.3,晴
2026-09-01 18:00,R004,201,28.7,0.34,晴
2026-09-01 18:00,R005,209,31.1,0.3,晴
2026-09-01 18:00,R006,220,30.3,0.37,晴
2026-09-01 18:00,R007,208,28.6,0.37,晴
2026-09-01 18:00,R008,186,32.1,0.32,晴
2026-09-01 19:00,R001,210,33.9,0.35,晴
2026-09-01 19:00,R002,185,35.8,0.25,晴
2026-09-01 19:00,R003,220,31.6,0.37,晴
2026-09-01 19:00,R004,182,37.6,0.31,晴
2026-09-01 19:00,R005,205,33.6,0.29,晴
2026-09-01 19:00,R006,205,30.3,0.3,晴
2026-09-01 19:00,R007,216,31.5,0.33,晴
2026-09-01 19:00,R008,208,29.7,0.32,晴
2026-09-01 20:00,R001,90,67.7,0.05,晴
2026-09-01 20:00,R002,105,67.7,0.05,晴
2026-09-01 20:00,R003,56,72.1,0.05,晴
2026-09-01 20:00,R004,80,69.6,0.05,晴
2026-09-01 20:00,R005,101,71.2,0.05,晴
2026-09-01 20:00,R006,64,70.0,0.05,晴
2026-09-01 20:00,R007,111,72.8,0.05,晴
2026-09-01 20:00,R008,95,73.9,0.05,晴
2026-09-01 21:00,R001,43,79.6,0.05,晴
2026-09-01 21:00,R002,62,71.6,0.05,晴
2026-09-01 21:00,R003,55,75.7,0.05,晴
2026-09-01 21:00,R004,46,77.8,0.05,晴
2026-09-01 21:00,R005,44,77.6,0.05,晴
2026-09-01 21:00,R006,37,79.7,0.05,晴
2026-09-01 21:00,R007,91,73.2,0.05,晴
2026-09-01 21:00,R008,90,74.1,0.05,晴
2026-09-01 22:00,R001,50,75.1,0.05,晴
2026-09-01 22:00,R002,74,77.3,0.05,晴
2026-09-01 22:00,R003,80,78.7,0.05,晴
2026-09-01 22:00,R004,72,73.1,0.05,晴
2026-09-01 22:00,R005,104,72.2,0.05,晴
2026-09-01 22:00,R006,117,69.9,0.05,晴
2026-09-01 22:00,R007,81,77.1,0.05,晴
2026-09-01 22:00,R008,99,76.2,0.05,晴
2026-09-01 23:00,R001,69,76.5,0.05,晴
2026-09-01 23:00,R002,50,78.5,0.05,晴
2026-09-01 23:00,R003,36,79.5,0.05,晴
2026-09-01 23:00,R004,77,73.6,0.05,晴
2026-09-01 23:00,R005,46,75.0,0.05,晴
2026-09-01 23:00,R006,63,73.0,0.05,晴
2026-09-01 23:00,R007,99,74.6,0.05,晴
2026-09-01 23:00,R008,48,73.9,0.05,晴
2026-09-02 00:00,R001,107,63.9,0.09,晴
2026-09-02 00:00,R002,117,63.6,0.07,晴
2026-09-02 00:00,R003,81,64.6,0.05,晴
2026-09-02 00:00,R004,97,63.6,0.08,晴
2026-09-02 00:00,R005,117,61.4,0.08,晴
2026-09-02 00:00,R006,97,64.2,0.09,晴
2026-09-02 00:00,R007,106,59.4,0.07,晴
2026-09-02 00:00,R008,101,58.6,0.12,晴
2026-09-02 01:00,R001,66,72.1,0.05,晴
2026-09-02 01:00,R002,96,77.5,0.05,晴
2026-09-02 01:00,R003,56,73.1,0.05,晴
2026-09-02 01:00,R004,63,72.5,0.05,晴
2026-09-02 01:00,R005,59,75.6,0.05,晴
2026-09-02 01:00,R006,84,75.8,0.05,晴
2026-09-02 01:00,R007,62,78.9,0.05,晴
2026-09-02 01:00,R008,70,76.0,0.05,晴
2026-09-02 02:00,R001,148,59.2,0.1,晴
2026-09-02 02:00,R002,93,66.9,0.05,晴
2026-09-02 02:00,R003,78,65.0,0.05,晴
2026-09-02 02:00,R004,95,64.3,0.11,晴
2026-09-02 02:00,R005,136,59.9,0.11,晴
2026-09-02 02:00,R006,83,66.6,0.05,晴
2026-09-02 02:00,R007,106,63.2,0.11,晴
2026-09-02 02:00,R008,82,68.6,0.05,晴
2026-09-02 03:00,R001,103,74.6,0.05,晴
2026-09-02 03:00,R002,101,69.3,0.05,晴
2026-09-02 03:00,R003,67,68.9,0.05,晴
2026-09-02 03:00,R004,90,71.7,0.05,晴
2026-09-02 03:00,R005,103,69.5,0.05,晴
2026-09-02 03:00,R006,96,71.7,0.05,晴
2026-09-02 03:00,R007,82,75.1,0.05,晴
2026-09-02 03:00,R008,66,76.5,0.05,晴
2026-09-02 04:00,R001,88,77.0,0.05,晴
2026-09-02 04:00,R002,79,69.6,0.05,晴
2026-09-02 04:00,R003,66,73.6,0.05,晴
2026-09-02 04:00,R004,87,74.8,0.05,晴
2026-09-02 04:00,R005,80,73.0,0.05,晴
2026-09-02 04:00,R006,90,68.4,0.05,晴
2026-09-02 04:00,R007,63,70.5,0.06,晴
2026-09-02 04:00,R008,75,76.3,0.05,晴
2026-09-02 05:00,R001,41,81.7,0.05,晴
2026-09-02 05:00,R002,50,82.6,0.05,晴
2026-09-02 05:00,R003,28,84.2,0.05,晴
2026-09-02 05:00,R004,55,81.3,0.05,晴
2026-09-02 05:00,R005,54,78.5,0.05,晴
2026-09-02 05:00,R006,38,83.6,0.05,晴
2026-09-02 05:00,R007,93,77.9,0.05,晴
2026-09-02 05:00,R008,55,80.5,0.05,晴
2026-09-02 06:00,R001,80,71.2,0.05,晴
2026-09-02 06:00,R002,95,71.3,0.05,晴
2026-09-02 06:00,R003,84,65.6,0.05,晴
2026-09-02 06:00,R004,100,69.0,0.05,晴
2026-09-02 06:00,R005,112,63.5,0.11,晴
2026-09-02 06:00,R006,114,65.8,0.05,晴
2026-09-02 06:00,R007,92,71.2,0.05,晴
2026-09-02 06:00,R008,114,63.0,0.08,晴
2026-09-02 07:00,R001,259,21.8,0.41,晴
2026-09-02 07:00,R002,280,13.0,0.49,晴
2026-09-02 07:00,R003,243,19.0,0.42,晴
2026-09-02 07:00,R004,268,20.2,0.41,晴
2026-09-02 07:00,R005,240,17.4,0.5,晴
2026-09-02 07:00,R006,272,16.9,0.5,晴
2026-09-02 07:00,R007,273,14.6,0.47,晴
2026-09-02 07:00,R008,236,21.2,0.46,晴
2026-09-02 08:00,R001,249,18.6,0.49,晴
2026-09-02 08:00,R002,217,20.6,0.43,晴
2026-09-02 08:00,R003,245,19.1,0.45,晴
2026-09-02 08:00,R004,228,20.2,0.4,晴
2026-09-02 08:00,R005,236,22.6,0.39,晴
2026-09-02 08:00,R006,202,23.4,0.43,晴
2026-09-02 08:00,R007,250,22.7,0.4,晴
2026-09-02 08:00,R008,252,22.3,0.46,晴
2026-09-02 09:00,R001,239,20.3,0.44,晴
2026-09-02 09:00,R002,236,28.6,0.36,晴
2026-09-02 09:00,R003,221,25.2,0.41,晴
2026-09-02 09:00,R004,237,24.0,0.37,晴
2026-09-02 09:00,R005,254,24.6,0.38,晴
2026-09-02 09:00,R006,228,26.8,0.41,晴
2026-09-02 09:00,R007,236,28.4,0.35,晴
2026-09-02 09:00,R008,243,23.1,0.43,晴
2026-09-02 10:00,R001,102,57.2,0.14,多云
2026-09-02 10:00,R002,131,66.0,0.07,多云
2026-09-02 10:00,R003,92,61.1,0.1,多云
2026-09-02 10:00,R004,100,65.5,0.07,多云
2026-09-02 10:00,R005,75,65.8,0.08,多云
2026-09-02 10:00,R006,113,59.7,0.07,多云
2026-09-02 10:00,R007,117,62.1,0.11,多云
2026-09-02 10:00,R008,99,58.5,0.15,多云
2026-09-02 11:00,R001,166,52.9,0.12,多云
2026-09-02 11:00,R002,119,55.1,0.12,多云
2026-09-02 11:00,R003,166,50.6,0.22,多云
2026-09-02 11:00,R004,107,57.3,0.12,多云
2026-09-02 11:00,R005,143,53.9,0.16,多云
2026-09-02 11:00,R006,120,54.7,0.18,多云
2026-09-02 11:00,R007,135,52.5,0.16,多云
2026-09-02 11:00,R008,145,52.9,0.17,多云
2026-09-02 12:00,R001,140,62.8,0.09,多云
2026-09-02 12:00,R002,116,62.6,0.1,多云
2026-09-02 12:00,R003,71,67.3,0.05,多云
2026-09-02 12:00,R004,129,64.8,0.05,多云
2026-09-02 12:00,R005,103,67.8,0.05,多云
2026-09-02 12:00,R006,108,66.2,0.07,多云
2026-09-02 12:00,R007,108,67.0,0.08,多云
2026-09-02 12:00,R008,125,66.1,0.06,多云
2026-09-02 13:00,R001,163,47.1,0.23,多云
2026-09-02 13:00,R002,156,43.6,0.26,多云
2026-09-02 13:00,R003,144,44.5,0.23,多云
2026-09-02 13:00,R004,144,52.4,0.2,多云
2026-09-02 13:00,R005,132,51.0,0.21,多云
2026-09-02 13:00,R006,175,47.5,0.23,多云
2026-09-02 13:00,R007,138,46.1,0.26,多云
2026-09-02 13:00,R008,195,44.1,0.27,多云
2026-09-02 14:00,R001,139,62.9,0.11,多云
2026-09-02 14:00,R002,147,56.8,0.08,多云
2026-09-02 14:00,R003,121,58.5,0.13,多云
2026-09-02 14:00,R004,125,59.8,0.13,多云
2026-09-02 14:00,R005,89,62.5,0.05,多云
2026-09-02 14:00,R006,162,53.4,0.16,多云
2026-09-02 14:00,R007,96,62.3,0.05,多云
2026-09-02 14:00,R008,140,61.3,0.07,多云
2026-09-02 15:00,R001,186,46.6,0.19,多云
2026-09-02 15:00,R002,125,50.1,0.22,多云
2026-09-02 15:00,R003,157,46.6,0.23,多云
2026-09-02 15:00,R004,168,52.6,0.15,多云
2026-09-02 15:00,R005,121,52.6,0.15,多云
2026-09-02 15:00,R006,160,46.2,0.21,多云
2026-09-02 15:00,R007,107,54.7,0.13,多云
2026-09-02 15:00,R008,178,49.6,0.22,多云
2026-09-02 16:00,R001,169,44.3,0.28,多云
2026-09-02 16:00,R002,170,41.1,0.23,多云
2026-09-02 16:00,R003,204,38.7,0.27,多云
2026-09-02 16:00,R004,176,44.1,0.24,多云
2026-09-02 16:00,R005,204,37.7,0.26,多云
2026-09-02 16:00,R006,187,38.7,0.23,多云
2026-09-02 16:00,R007,147,45.1,0.2,多云
2026-09-02 16:00,R008,151,46.2,0.18,多云
2026-09-02 17:00,R001,237,28.0,0.33,晴
2026-09-02 17:00,R002,197,29.3,0.32,晴
2026-09-02 17:00,R003,167,34.6,0.26,晴
2026-09-02 17:00,R004,176,35.9,0.28,晴
2026-09-02 17:00,R005,183,29.8,0.38,晴
2026-09-02 17:00,R006,214,33.3,0.32,晴
2026-09-02 17:00,R007,193,35.8,0.26,晴
2026-09-02 17:00,R008,227,33.0,0.28,晴
2026-09-02 18:00,R001,198,34.3,0.31,晴
2026-09-02 18:00,R002,167,35.3,0.3,晴
2026-09-02 18:00,R003,222,29.7,0.35,晴
2026-09-02 18:00,R004,170,34.8,0.27,晴
2026-09-02 18:00,R005,178,31.7,0.31,晴
2026-09-02 18:00,R006,206,32.0,0.32,晴
2026-09-02 18:00,R007,195,35.6,0.3,晴
2026-09-02 18:00,R008,180,31.7,0.36,晴
2026-09-02 19:00,R001,215,33.6,0.34,晴
2026-09-02 19:00,R002,209,29.2,0.33,晴
2026-09-02 19:00,R003,206,30.4,0.34,晴
2026-09-02 19:00,R004,211,28.0,0.38,晴
2026-09-02 19:00,R005,186,30.8,0.39,晴
2026-09-02 19:00,R006,236,27.7,0.33,晴
2026-09-02 19:00,R007,230,28.0,0.4,晴
2026-09-02 19:00,R008,207,32.6,0.33,晴
2026-09-02 20:00,R001,102,62.8,0.09,晴
2026-09-02 20:00,R002,114,69.1,0.05,晴
2026-09-02 20:00,R003,92,71.3,0.05,晴
2026-09-02 20:00,R004,80,67.4,0.05,晴
2026-09-02 20:00,R005,85,63.8,0.1,晴
2026-09-02 20:00,R006,119,65.3,0.06,晴
2026-09-02 20:00,R007,111,69.7,0.07,晴
2026-09-02 20:00,R008,97,69.8,0.05,晴
2026-09-02 21:00,R001,125,64.8,0.05,晴
2026-09-02 21:00,R002,140,57.3,0.1,晴
2026-09-02 21:00,R003,93,58.9,0.15,晴
2026-09-02 21:00,R004,110,61.2,0.05,晴
2026-09-02 21:00,R005,86,61.9,0.11,晴
2026-09-02 21:00,R006,122,57.7,0.1,晴
2026-09-02 21:00,R007,135,59.2,0.13,晴
2026-09-02 21:00,R008,91,61.2,0.05,晴
2026-09-02 22:00,R001,117,64.3,0.05,晴
2026-09-02 22:00,R002,104,64.8,0.05,晴
2026-09-02 22:00,R003,132,60.9,0.05,晴
2026-09-02 22:00,R004,99,62.4,0.1,晴
2026-09-02 22:00,R005,121,63.0,0.05,晴
2026-09-02 22:00,R006,119,62.1,0.05,晴
2026-09-02 22:00,R007,99,61.2,0.05,晴
2026-09-02 22:00,R008,107,60.7,0.05,晴
2026-09-02 23:00,R001,77,71.7,0.05,晴
2026-09-02 23:00,R002,95,74.9,0.05,晴
2026-09-02 23:00,R003,109,70.7,0.05,晴
2026-09-02 23:00,R004,114,70.1,0.05,晴
2026-09-02 23:00,R005,77,75.7,0.05,晴
2026-09-02 23:00,R006,54,74.1,0.05,晴
2026-09-02 23:00,R007,98,73.2,0.05,晴
2026-09-02 23:00,R008,90,78.3,0.05,晴
2026-09-03 00:00,R001,82,74.3,0.05,晴
2026-09-03 00:00,R002,61,75.8,0.05,晴
2026-09-03 00:00,R003,54,75.2,0.05,晴
2026-09-03 00:00,R004,81,73.0,0.05,晴
2026-09-03 00:00,R005,87,75.4,0.05,晴
2026-09-03 00:00,R006,44,80.0,0.05,晴
2026-09-03 00:00,R007,84,73.9,0.05,晴
2026-09-03 00:00,R008,45,78.4,0.05,晴
2026-09-03 01:00,R001,98,72.4,0.05,晴
2026-09-03 01:00,R002,81,74.1,0.05,晴
2026-09-03 01:00,R003,108,71.1,0.05,晴
2026-09-03 01:00,R004,74,66.4,0.05,晴
2026-09-03 01:00,R005,82,67.9,0.05,晴
2026-09-03 01:00,R006,78,70.0,0.05,晴
2026-09-03 01:00,R007,123,65.5,0.05,晴
2026-09-03 01:00,R008,100,73.5,0.05,晴
2026-09-03 02:00,R001,93,69.8,0.05,晴
2026-09-03 02:00,R002,74,74.1,0.05,晴
2026-09-03 02:00,R003,74,71.7,0.05,晴
2026-09-03 02:00,R004,73,66.6,0.05,晴
2026-09-03 02:00,R005,68,74.1,0.05,晴
2026-09-03 02:00,R006,69,70.2,0.05,晴
2026-09-03 02:00,R007,87,69.5,0.05,晴
2026-09-03 02:00,R008,92,66.7,0.05,晴
2026-09-03 03:00,R001,106,66.6,0.07,晴
2026-09-03 03:00,R002,65,69.6,0.05,晴
2026-09-03 03:00,R003,77,70.0,0.05,晴
2026-09-03 03:00,R004,115,69.7,0.06,晴
2026-09-03 03:00,R005,105,66.5,0.05,晴
2026-09-03 03:00,R006,127,66.7,0.06,晴
2026-09-03 03:00,R007,104,67.1,0.08,晴
2026-09-03 03:00,R008,93,66.3,0.08,晴
2026-09-03 04:00,R001,85,78.0,0.05,晴
2026-09-03 04:00,R002,67,78.1,0.05,晴
2026-09-03 04:00,R003,65,75.5,0.05,晴
2026-09-03 04:00,R004,63,73.1,0.05,晴
2026-09-03 04:00,R005,55,76.1,0.05,晴
2026-09-03 04:00,R006,104,72.0,0.05,晴
2026-09-03 04:00,R007,83,79.0,0.05,晴
2026-09-03 04:00,R008,75,71.6,0.05,晴
2026-09-03 05:00,R001,95,61.4,0.12,晴
2026-09-03 05:00,R002,122,65.3,0.05,晴
2026-09-03 05:00,R003,108,62.0,0.1,晴
2026-09-03 05:00,R004,116,60.0,0.08,晴
2026-09-03 05:00,R005,101,65.1,0.06,晴
2026-09-03 05:00,R006,136,60.7,0.09,晴
2026-09-03 05:00,R007,94,66.0,0.09,晴
2026-09-03 05:00,R008,95,67.5,0.05,晴
2026-09-03 06:00,R001,124,67.9,0.07,晴
2026-09-03 06:00,R002,66,70.7,0.05,晴
2026-09-03 06:00,R003,115,69.0,0.05,晴
2026-09-03 06:00,R004,129,63.7,0.1,晴
2026-09-03 06:00,R005,119,65.5,0.05,晴
2026-09-03 06:00,R006,63,71.7,0.05,晴
2026-09-03 06:00,R007,67,72.1,0.05,晴
2026-09-03 06:00,R008,73,66.1,0.05,晴
2026-09-03 07:00,R001,262,22.4,0.4,晴
2026-09-03 07:00,R002,264,20.3,0.46,晴
2026-09-03 07:00,R003,237,26.5,0.34,晴
2026-09-03 07:00,R004,251,22.9,0.43,晴
2026-09-03 07:00,R005,248,21.4,0.42,晴
2026-09-03 07:00,R006,214,20.1,0.41,晴
2026-09-03 07:00,R007,217,28.4,0.39,晴
2026-09-03 07:00,R008,200,25.3,0.37,晴
2026-09-03 08:00,R001,245,16.5,0.49,晴
2026-09-03 08:00,R002,214,20.6,0.47,晴
2026-09-03 08:00,R003,204,22.0,0.42,晴
2026-09-03 08:00,R004,223,18.4,0.44,晴
2026-09-03 08:00,R005,217,22.2,0.41,晴
2026-09-03 08:00,R006,207,22.7,0.46,晴
2026-09-03 08:00,R007,251,16.7,0.46,晴
2026-09-03 08:00,R008,225,25.9,0.37,晴
2026-09-03 09:00,R001,251,25.8,0.36,晴
2026-09-03 09:00,R002,258,19.6,0.42,晴
2026-09-03 09:00,R003,227,26.7,0.4,晴
2026-09-03 09:00,R004,209,26.8,0.33,晴
2026-09-03 09:00,R005,244,24.9,0.36,晴
2026-09-03 09:00,R006,216,27.2,0.39,晴
2026-09-03 09:00,R007,241,25.7,0.34,晴
2026-09-03 09:00,R008,215,27.2,0.35,晴
2026-09-03 10:00,R001,158,38.1,0.33,多云
2026-09-03 10:00,R002,205,41.2,0.26,多云
2026-09-03 10:00,R003,199,38.6,0.25,多云
2026-09-03 10:00,R004,197,39.7,0.31,多云
2026-09-03 10:00,R005,159,39.4,0.26,多云
2026-09-03 10:00,R006,179,45.0,0.26,多云
2026-09-03 10:00,R007,208,40.0,0.27,多云
2026-09-03 10:00,R008,202,41.1,0.26,多云
2026-09-03 11:00,R001,87,62.3,0.09,多云
2026-09-03 11:00,R002,112,63.3,0.05,多云
2026-09-03 11:00,R003,142,55.8,0.12,多云
2026-09-03 11:00,R004,112,61.1,0.11,多云
2026-09-03 11:00,R005,97,58.5,0.15,多云
2026-09-03 11:00,R006,154,58.6,0.09,多云
2026-09-03 11:00,R007,132,64.8,0.05,多云
2026-09-03 11:00,R008,107,61.4,0.12,多云
2026-09-03 12:00,R001,94,61.5,0.1,多云
2026-09-03 12:00,R002,92,59.8,0.06,多云
2026-09-03 12:00,R003,112,59.8,0.09,多云
2026-09-03 12:00,R004,133,57.7,0.14,多云
2026-09-03 12:00,R005,107,61.5,0.11,多云
2026-09-03 12:00,R006,128,57.7,0.11,多云
2026-09-03 12:00,R007,109,58.5,0.07,多云
2026-09-03 12:00,R008,122,59.3,0.09,多云
2026-09-03 13:00,R001,130,51.7,0.16,多云
2026-09-03 13:00,R002,110,59.0,0.15,多云
2026-09-03 13:00,R003,115,54.0,0.19,多云
2026-09-03 13:00,R004,163,53.6,0.15,多云
2026-09-03 13:00,R005,161,49.9,0.22,多云
2026-09-03 13:00,R006,134,52.2,0.12,多云
2026-09-03 13:00,R007,159,54.5,0.18,多云
2026-09-03 13:00,R008,157,56.2,0.15,多云
2026-09-03 14:00,R001,97,59.9,0.07,多云
2026-09-03 14:00,R002,148,56.2,0.08,多云
2026-09-03 14:00,R003,110,60.4,0.13,多云
2026-09-03 14:00,R004,125,60.4,0.06,多云
2026-09-03 14:00,R005,156,57.9,0.14,多云
2026-09-03 14:00,R006,135,60.1,0.13,多云
2026-09-03 14:00,R007,161,55.6,0.15,多云
2026-09-03 14:00,R008,132,59.3,0.09,多云
2026-09-03 15:00,R001,113,64.8,0.05,多云
2026-09-03 15:00,R002,96,66.6,0.09,多云
2026-09-03 15:00,R003,104,57.5,0.09,多云
2026-09-03 15:00,R004,113,58.6,0.13,多云
2026-09-03 15:00,R005,145,60.4,0.14,多云
2026-09-03 15:00,R006,88,65.4,0.07,多云
2026-09-03 15:00,R007,90,62.5,0.06,多云
2026-09-03 15:00,R008,113,62.3,0.05,多云
2026-09-03 16:00,R001,129,60.1,0.12,多云
2026-09-03 16:00,R002,126,64.6,0.07,多云
2026-09-03 16:00,R003,71,66.8,0.05,多云
2026-09-03 16:00,R004,109,65.0,0.07,多云
2026-09-03 16:00,R005,96,66.2,0.06,多云
2026-09-03 16:00,R006,117,63.5,0.05,多云
2026-09-03 16:00,R007,94,68.1,0.06,多云
2026-09-03 16:00,R008,91,65.4,0.05,多云
2026-09-03 17:00,R001,252,15.6,0.44,晴
2026-09-03 17:00,R002,236,17.3,0.48,晴
2026-09-03 17:00,R003,266,18.5,0.49,晴
2026-09-03 17:00,R004,254,12.5,0.5,晴
2026-09-03 17:00,R005,254,14.4,0.46,晴
2026-09-03 17:00,R006,234,13.7,0.46,晴
2026-09-03 17:00,R007,261,15.0,0.45,晴
2026-09-03 17:00,R008,219,19.9,0.42,晴
2026-09-03 18:00,R001,241,24.7,0.39,晴
2026-09-03 18:00,R002,219,26.7,0.36,晴
2026-09-03 18:00,R003,261,21.8,0.42,晴
2026-09-03 18:00,R004,189,31.2,0.33,晴
2026-09-03 18:00,R005,233,22.1,0.45,晴
2026-09-03 18:00,R006,213,28.1,0.37,晴
2026-09-03 18:00,R007,205,30.0,0.39,晴
2026-09-03 18:00,R008,229,28.8,0.35,晴
2026-09-03 19:00,R001,210,23.7,0.41,晴
2026-09-03 19:00,R002,244,18.7,0.47,晴
2026-09-03 19:00,R003,266,20.8,0.44,晴
2026-09-03 19:00,R004,270,19.2,0.43,晴
2026-09-03 19:00,R005,212,26.0,0.43,晴
2026-09-03 19:00,R006,205,25.6,0.39,晴
2026-09-03 19:00,R007,203,23.0,0.37,晴
2026-09-03 19:00,R008,234,21.3,0.42,晴
2026-09-03 20:00,R001,72,72.3,0.05,晴
2026-09-03 20:00,R002,123,68.8,0.05,晴
2026-09-03 20:00,R003,79,70.1,0.05,晴
2026-09-03 20:00,R004,95,72.4,0.05,晴
2026-09-03 20:00,R005,66,75.3,0.05,晴
2026-09-03 20:00,R006,74,76.9,0.05,晴
2026-09-03 20:00,R007,88,74.4,0.05,晴
2026-09-03 20:00,R008,112,71.9,0.05,晴
2026-09-03 21:00,R001,84,76.3,0.05,晴
2026-09-03 21:00,R002,91,72.2,0.05,晴
2026-09-03 21:00,R003,42,78.9,0.05,晴
2026-09-03 21:00,R004,114,70.8,0.05,晴
2026-09-03 21:00,R005,76,70.7,0.05,晴
2026-09-03 21:00,R006,62,77.4,0.05,晴
2026-09-03 21:00,R007,83,79.7,0.05,晴
2026-09-03 21:00,R008,64,71.1,0.05,晴
2026-09-03 22:00,R001,97,68.1,0.05,晴
2026-09-03 22:00,R002,135,63.2,0.06,晴
2026-09-03 22:00,R003,121,65.0,0.08,晴
2026-09-03 22:00,R004,107,67.9,0.05,晴
2026-09-03 22:00,R005,94,63.4,0.08,晴
2026-09-03 22:00,R006,137,63.7,0.05,晴
2026-09-03 22:00,R007,89,64.4,0.08,晴
2026-09-03 22:00,R008,96,64.7,0.1,晴
2026-09-03 23:00,R001,56,73.6,0.05,晴
2026-09-03 23:00,R002,104,74.7,0.05,晴
2026-09-03 23:00,R003,76,80.5,0.05,晴
2026-09-03 23:00,R004,91,73.8,0.05,晴
2026-09-03 23:00,R005,59,75.3,0.05,晴
2026-09-03 23:00,R006,83,72.9,0.05,晴
2026-09-03 23:00,R007,44,77.9,0.05,晴
2026-09-03 23:00,R008,54,76.8,0.05,晴
2026-09-04 00:00,R001,57,72.0,0.05,晴
2026-09-04 00:00,R002,57,72.8,0.05,晴
2026-09-04 00:00,R003,105,65.7,0.1,晴
2026-09-04 00:00,R004,117,69.7,0.06,晴
2026-09-04 00:00,R005,70,70.4,0.06,晴
2026-09-04 00:00,R006,102,68.8,0.07,晴
2026-09-04 00:00,R007,104,66.5,0.05,晴
2026-09-04 00:00,R008,107,72.9,0.05,晴
2026-09-04 01:00,R001,78,67.3,0.08,晴
2026-09-04 01:00,R002,88,68.5,0.05,晴
2026-09-04 01:00,R003,124,67.9,0.08,晴
2026-09-04 01:00,R004,68,67.3,0.05,晴
2026-09-04 01:00,R005,150,59.6,0.08,晴
2026-09-04 01:00,R006,97,68.4,0.05,晴
2026-09-04 01:00,R007,117,67.9,0.05,晴
2026-09-04 01:00,R008,95,60.4,0.06,晴
2026-09-04 02:00,R001,80,66.8,0.07,晴
2026-09-04 02:00,R002,87,72.1,0.05,晴
2026-09-04 02:00,R003,123,65.9,0.09,晴
2026-09-04 02:00,R004,83,72.4,0.05,晴
2026-09-04 02:00,R005,68,70.9,0.05,晴
2026-09-04 02:00,R006,82,67.4,0.05,晴
2026-09-04 02:00,R007,115,66.5,0.09,晴
2026-09-04 02:00,R008,111,67.2,0.05,晴
2026-09-04 03:00,R001,48,75.0,0.05,晴
2026-09-04 03:00,R002,81,71.1,0.05,晴
2026-09-04 03:00,R003,81,77.0,0.05,晴
2026-09-04 03:00,R004,117,69.2,0.05,晴
2026-09-04 03:00,R005,60,74.2,0.05,晴
2026-09-04 03:00,R006,106,69.6,0.05,晴
2026-09-04 03:00,R007,86,72.2,0.05,晴
2026-09-04 03:00,R008,89,73.4,0.05,晴
2026-09-04 04:00,R001,119,67.5,0.05,晴
2026-09-04 04:00,R002,119,64.4,0.05,晴
2026-09-04 04:00,R003,76,65.6,0.06,晴
2026-09-04 04:00,R004,109,65.0,0.05,晴
2026-09-04 04:00,R005,111,63.2,0.05,晴
2026-09-04 04:00,R006,118,62.0,0.05,晴
2026-09-04 04:00,R007,123,65.1,0.05,晴
2026-09-04 04:00,R008,102,65.1,0.05,晴
2026-09-04 05:00,R001,96,72.3,0.05,晴
2026-09-04 05:00,R002,97,72.4,0.05,晴
2026-09-04 05:00,R003,96,64.7,0.05,晴
2026-09-04 05:00,R004,103,74.2,0.05,晴
2026-09-04 05:00,R005,51,73.6,0.05,晴
2026-09-04 05:00,R006,100,71.9,0.05,晴
2026-09-04 05:00,R007,83,70.7,0.06,晴
2026-09-04 05:00,R008,117,68.1,0.07,晴
2026-09-04 06:00,R001,101,69.3,0.05,晴
2026-09-04 06:00,R002,83,69.0,0.05,晴
2026-09-04 06:00,R003,98,67.9,0.06,晴
2026-09-04 06:00,R004,76,64.7,0.05,晴
2026-09-04 06:00,R005,113,65.5,0.06,晴
2026-09-04 06:00,R006,116,67.8,0.05,晴
2026-09-04 06:00,R007,88,66.0,0.09,晴
2026-09-04 06:00,R008,67,69.8,0.05,晴
2026-09-04 07:00,R001,245,26.0,0.33,晴
2026-09-04 07:00,R002,214,20.4,0.38,晴
2026-09-04 07:00,R003,238,24.4,0.35,晴
2026-09-04 07:00,R004,216,25.8,0.36,晴
2026-09-04 07:00,R005,260,20.6,0.38,晴
2026-09-04 07:00,R006,217,23.4,0.44,晴
2026-09-04 07:00,R007,212,25.7,0.4,晴
2026-09-04 07:00,R008,213,25.1,0.37,晴
2026-09-04 08:00,R001,224,19.5,0.42,晴
2026-09-04 08:00,R002,286,13.5,0.53,晴
2026-09-04 08:00,R003,241,22.0,0.41,晴
2026-09-04 08:00,R004,274,17.8,0.5,晴
2026-09-04 08:00,R005,258,19.6,0.42,晴
2026-09-04 08:00,R006,227,17.0,0.45,晴
2026-09-04 08:00,R007,237,20.4,0.46,晴
2026-09-04 08:00,R008,264,15.9,0.5,晴
2026-09-04 09:00,R001,226,33.9,0.32,晴
2026-09-04 09:00,R002,195,29.6,0.32,晴
2026-09-04 09:00,R003,220,34.8,0.34,晴
2026-09-04 09:00,R004,225,29.2,0.33,晴
2026-09-04 09:00,R005,217,31.0,0.35,晴
2026-09-04 09:00,R006,170,37.0,0.32,晴
2026-09-04 09:00,R007,197,35.5,0.3,晴
2026-09-04 09:00,R008,178,37.0,0.34,晴
2026-09-04 10:00,R001,193,44.8,0.19,多云
2026-09-04 10:00,R002,162,45.4,0.2,多云
2026-09-04 10:00,R003,158,41.4,0.3,多云
2026-09-04 10:00,R004,193,40.9,0.25,多云
2026-09-04 10:00,R005,169,40.7,0.24,多云
2026-09-04 10:00,R006,178,40.5,0.22,多云
2026-09-04 10:00,R007,162,45.2,0.26,多云
2026-09-04 10:00,R008,158,44.5,0.22,多云
2026-09-04 11:00,R001,124,51.3,0.15,多云
2026-09-04 11:00,R002,129,58.4,0.11,多云
2026-09-04 11:00,R003,137,50.6,0.17,多云
2026-09-04 11:00,R004,127,57.4,0.14,多云
2026-09-04 11:00,R005,117,55.9,0.17,多云
2026-09-04 11:00,R006,132,58.7,0.11,多云
2026-09-04 11:00,R007,165,50.7,0.14,多云
2026-09-04 11:00,R008,130,56.3,0.17,多云
2026-09-04 12:00,R001,108,55.0,0.1,多云
2026-09-04 12:00,R002,155,57.0,0.14,多云
2026-09-04 12:00,R003,126,56.2,0.17,多云
2026-09-04 12:00,R004,159,50.9,0.13,多云
2026-09-04 12:00,R005,131,53.6,0.17,多云
2026-09-04 12:00,R006,141,55.2,0.14,多云
2026-09-04 12:00,R007,110,53.4,0.16,多云
2026-09-04 12:00,R008,155,48.7,0.17,多云
2026-09-04 13:00,R001,139,59.6,0.12,多云
2026-09-04 13:00,R002,122,67.5,0.05,多云
2026-09-04 13:00,R003,97,60.4,0.07,多云
2026-09-04 13:00,R004,124,64.7,0.05,多云
2026-09-04 13:00,R005,102,63.4,0.06,多云
2026-09-04 13:00,R006,134,65.1,0.05,多云
2026-09-04 13:00,R007,121,66.3,0.06,多云
2026-09-04 13:00,R008,111,68.0,0.05,多云
2026-09-04 14:00,R001,123,50.0,0.13,多云
2026-09-04 14:00,R002,161,46.2,0.21,多云
2026-09-04 14:00,R003,147,52.3,0.2,多云
2026-09-04 14:00,R004,165,45.4,0.18,多云
2026-09-04 14:00,R005,182,46.6,0.25,多云
2026-09-04 14:00,R006,125,49.2,0.15,多云
2026-09-04 14:00,R007,162,53.7,0.16,多云
2026-09-04 14:00,R008,191,44.8,0.21,多云
2026-09-04 15:00,R001,120,64.9,0.08,多云
2026-09-04 15:00,R002,85,63.0,0.05,多云
2026-09-04 15:00,R003,135,61.4,0.08,多云
2026-09-04 15:00,R004,85,68.0,0.06,多云
2026-09-04 15:00,R005,148,60.4,0.12,多云
2026-09-04 15:00,R006,136,64.0,0.05,多云
2026-09-04 15:00,R007,130,63.4,0.06,多云
2026-09-04 15:00,R008,127,66.7,0.05,多云
2026-09-04 16:00,R001,122,54.6,0.19,多云
2026-09-04 16:00,R002,113,59.2,0.15,多云
2026-09-04 16:00,R003,134,58.7,0.13,多云
2026-09-04 16:00,R004,141,55.2,0.17,多云
2026-09-04 16:00,R005,90,61.5,0.05,多云
2026-09-04 16:00,R006,123,61.5,0.11,多云
2026-09-04 16:00,R007,103,57.5,0.07,多云
2026-09-04 16:00,R008,119,57.4,0.1,多云
2026-09-04 17:00,R001,253,14.5,0.48,晴
2026-09-04 17:00,R002,221,16.7,0.45,晴
2026-09-04 17:00,R003,265,13.6,0.47,晴
2026-09-04 17:00,R004,238,16.5,0.45,晴
2026-09-04 17:00,R005,283,13.5,0.53,晴
2026-09-04 17:00,R006,237,22.4,0.38,晴
2026-09-04 17:00,R007,228,16.5,0.44,晴
2026-09-04 17:00,R008,220,17.6,0.45,晴
2026-09-04 18:00,R001,204,23.3,0.38,晴
2026-09-04 18:00,R002,244,20.9,0.44,晴
2026-09-04 18:00,R003,215,20.4,0.41,晴
2026-09-04 18:00,R004,206,27.9,0.38,晴
2026-09-04 18:00,R005,210,26.5,0.36,晴
2026-09-04 18:00,R006,241,26.6,0.43,晴
2026-09-04 18:00,R007,229,19.8,0.48,晴
2026-09-04 18:00,R008,227,20.4,0.48,晴
2026-09-04 19:00,R001,214,32.3,0.33,晴
2026-09-04 19:00,R002,179,35.1,0.3,晴
2026-09-04 19:00,R003,181,37.5,0.25,晴
2026-09-04 19:00,R004,200,35.0,0.31,晴
2026-09-04 19:00,R005,194,36.2,0.34,晴
2026-09-04 19:00,R006,210,34.0,0.31,晴
2026-09-04 19:00,R007,214,32.3,0.36,晴
2026-09-04 19:00,R008,182,37.3,0.29,晴
2026-09-04 20:00,R001,99,70.1,0.05,晴
2026-09-04 20:00,R002,47,75.6,0.05,晴
2026-09-04 20:00,R003,76,72.5,0.05,晴
2026-09-04 20:00,R004,80,76.9,0.05,晴
2026-09-04 20:00,R005,64,75.6,0.05,晴
2026-09-04 20:00,R006,89,73.0,0.05,晴
2026-09-04 20:00,R007,83,75.4,0.05,晴
2026-09-04 20:00,R008,50,74.1,0.05,晴
2026-09-04 21:00,R001,97,72.5,0.05,晴
2026-09-04 21:00,R002,51,72.9,0.05,晴
2026-09-04 21:00,R003,80,73.7,0.05,晴
2026-09-04 21:00,R004,73,74.3,0.05,晴
2026-09-04 21:00,R005,76,76.3,0.05,晴
2026-09-04 21:00,R006,55,72.0,0.05,晴
2026-09-04 21:00,R007,109,72.7,0.05,晴
2026-09-04 21:00,R008,44,78.0,0.05,晴
2026-09-04 22:00,R001,100,66.2,0.05,晴
2026-09-04 22:00,R002,106,68.5,0.05,晴
2026-09-04 22:00,R003,117,67.1,0.05,晴
2026-09-04 22:00,R004,91,72.6,0.05,晴
2026-09-04 22:00,R005,131,65.8,0.05,晴
2026-09-04 22:00,R006,81,65.9,0.06,晴
2026-09-04 22:00,R007,62,73.7,0.05,晴
2026-09-04 22:00,R008,110,66.0,0.05,晴
2026-09-04 23:00,R001,96,61.7,0.1,晴
2026-09-04 23:00,R002,133,59.5,0.07,晴
2026-09-04 23:00,R003,129,63.1,0.05,晴
2026-09-04 23:00,R004,152,56.6,0.1,晴
2026-09-04 23:00,R005,121,58.8,0.09,晴
2026-09-04 23:00,R006,109,64.2,0.08,晴
2026-09-04 23:00,R007,121,61.6,0.1,晴
2026-09-04 23:00,R008,143,59.1,0.12,晴
2026-09-05 00:00,R001,52,78.3,0.05,晴
2026-09-05 00:00,R002,61,72.1,0.05,晴
2026-09-05 00:00,R003,58,74.3,0.05,晴
2026-09-05 00:00,R004,65,76.4,0.05,晴
2026-09-05 00:00,R005,55,75.1,0.05,晴
2026-09-05 00:00,R006,74,78.2,0.05,晴
2026-09-05 00:00,R007,68,76.8,0.05,晴
2026-09-05 00:00,R008,73,74.4,0.05,晴
2026-09-05 01:00,R001,91,62.3,0.11,晴
2026-09-05 01:00,R002,84,71.8,0.05,晴
2026-09-05 01:00,R003,87,69.0,0.06,晴
2026-09-05 01:00,R004,73,67.1,0.05,晴
2026-09-05 01:00,R005,78,69.8,0.05,晴
2026-09-05 01:00,R006,77,67.6,0.05,晴
2026-09-05 01:00,R007,107,69.6,0.05,晴
2026-09-05 01:00,R008,86,63.3,0.1,晴
2026-09-05 02:00,R001,94,75.1,0.05,晴
2026-09-05 02:00,R002,66,78.7,0.05,晴
2026-09-05 02:00,R003,102,72.5,0.05,晴
2026-09-05 02:00,R004,106,74.4,0.05,晴
2026-09-05 02:00,R005,94,75.0,0.05,晴
2026-09-05 02:00,R006,72,81.4,0.05,晴
2026-09-05 02:00,R007,66,79.6,0.05,晴
2026-09-05 02:00,R008,72,78.6,0.05,晴
2026-09-05 03:00,R001,102,59.9,0.06,晴
2026-09-05 03:00,R002,102,61.3,0.09,晴
2026-09-05 03:00,R003,129,61.0,0.07,晴
2026-09-05 03:00,R004,139,60.5,0.14,晴
2026-09-05 03:00,R005,81,64.6,0.11,晴
2026-09-05 03:00,R006,128,65.6,0.1,晴
2026-09-05 03:00,R007,78,66.5,0.08,晴
2026-09-05 03:00,R008,131,60.3,0.13,晴
2026-09-05 04:00,R001,68,77.0,0.05,晴
2026-09-05 04:00,R002,76,72.9,0.05,晴
2026-09-05 04:00,R003,93,76.6,0.05,晴
2026-09-05 04:00,R004,60,75.4,0.05,晴
2026-09-05 04:00,R005,105,73.9,0.05,晴
2026-09-05 04:00,R006,105,70.3,0.05,晴
2026-09-05 04:00,R007,65,77.5,0.05,晴
2026-09-05 04:00,R008,52,73.8,0.05,晴
2026-09-05 05:00,R001,91,63.7,0.05,晴
2026-09-05 05:00,R002,87,67.6,0.05,晴
2026-09-05 05:00,R003,104,65.0,0.05,晴
2026-09-05 05:00,R004,74,66.2,0.05,晴
2026-09-05 05:00,R005,95,67.2,0.05,晴
2026-09-05 05:00,R006,92,67.9,0.05,晴
2026-09-05 05:00,R007,75,68.9,0.05,晴
2026-09-05 05:00,R008,126,60.7,0.06,晴
2026-09-05 06:00,R001,80,76.4,0.05,晴
2026-09-05 06:00,R002,92,77.4,0.05,晴
2026-09-05 06:00,R003,55,77.6,0.05,晴
2026-09-05 06:00,R004,81,76.0,0.05,晴
2026-09-05 06:00,R005,77,73.7,0.05,晴
2026-09-05 06:00,R006,83,75.9,0.05,晴
2026-09-05 06:00,R007,77,80.6,0.05,晴
2026-09-05 06:00,R008,44,77.9,0.05,晴
2026-09-05 07:00,R001,201,25.0,0.37,晴
2026-09-05 07:00,R002,198,26.5,0.41,晴
2026-09-05 07:00,R003,202,25.2,0.44,晴
2026-09-05 07:00,R004,244,19.1,0.39,晴
2026-09-05 07:00,R005,223,24.2,0.42,晴
2026-09-05 07:00,R006,207,23.9,0.39,晴
2026-09-05 07:00,R007,248,24.5,0.35,晴
2026-09-05 07:00,R008,259,18.7,0.45,晴
2026-09-05 08:00,R001,206,27.3,0.34,晴
2026-09-05 08:00,R002,213,20.5,0.43,晴
2026-09-05 08:00,R003,235,23.7,0.43,晴
2026-09-05 08:00,R004,247,24.6,0.41,晴
2026-09-05 08:00,R005,238,20.7,0.43,晴
2026-09-05 08:00,R006,212,25.2,0.35,晴
2026-09-05 08:00,R007,247,26.7,0.38,晴
2026-09-05 08:00,R008,243,18.8,0.45,晴
2026-09-05 09:00,R001,238,30.3,0.39,晴
2026-09-05 09:00,R002,255,21.9,0.42,晴
2026-09-05 09:00,R003,238,24.2,0.42,晴
2026-09-05 09:00,R004,225,30.1,0.3,晴
2026-09-05 09:00,R005,222,21.2,0.38,晴
2026-09-05 09:00,R006,253,21.2,0.42,晴
2026-09-05 09:00,R007,219,26.9,0.37,晴
2026-09-05 09:00,R008,192,27.6,0.37,晴
2026-09-05 10:00,R001,128,53.2,0.16,多云
2026-09-05 10:00,R002,161,52.4,0.17,多云
2026-09-05 10:00,R003,145,54.3,0.18,多云
2026-09-05 10:00,R004,102,57.2,0.14,多云
2026-09-05 10:00,R005,147,57.7,0.07,多云
2026-09-05 10:00,R006,142,51.3,0.17,多云
2026-09-05 10:00,R007,119,56.5,0.15,多云
2026-09-05 10:00,R008,103,57.8,0.14,多云
2026-09-05 11:00,R001,164,54.2,0.15,多云
2026-09-05 11:00,R002,132,60.4,0.06,多云
2026-09-05 11:00,R003,155,53.8,0.13,多云
2026-09-05 11:00,R004,132,61.4,0.05,多云
2026-09-05 11:00,R005,104,60.6,0.05,多云
2026-09-05 11:00,R006,125,59.7,0.06,多云
2026-09-05 11:00,R007,120,57.1,0.12,多云
2026-09-05 11:00,R008,117,58.2,0.09,多云
2026-09-05 12:00,R001,183,43.3,0.21,多云
2026-09-05 12:00,R002,144,42.7,0.28,多云
2026-09-05 12:00,R003,178,40.0,0.25,多云
2026-09-05 12:00,R004,208,39.1,0.31,多云
2026-09-05 12:00,R005,195,43.1,0.26,多云
2026-09-05 12:00,R006,163,41.8,0.24,多云
2026-09-05 12:00,R007,151,44.8,0.18,多云
2026-09-05 12:00,R008,176,41.3,0.3,多云
2026-09-05 13:00,R001,186,47.5,0.25,多云
2026-09-05 13:00,R002,177,40.2,0.24,多云
2026-09-05 13:00,R003,145,47.9,0.21,多云
2026-09-05 13:00,R004,163,39.6,0.28,多云
2026-09-05 13:00,R005,179,42.5,0.24,多云
2026-09-05 13:00,R006,163,45.4,0.25,多云
2026-09-05 13:00,R007,199,41.4,0.28,多云
2026-09-05 13:00,R008,144,41.9,0.24,多云
2026-09-05 14:00,R001,187,44.3,0.27,多云
2026-09-05 14:00,R002,119,50.3,0.2,多云
2026-09-05 14:00,R003,165,49.3,0.15,多云
2026-09-05 14:00,R004,145,46.1,0.22,多云
2026-09-05 14:00,R005,205,41.4,0.28,多云
2026-09-05 14:00,R006,199,41.8,0.29,多云
2026-09-05 14:00,R007,174,46.0,0.2,多云
2026-09-05 14:00,R008,123,50.6,0.14,多云
2026-09-05 15:00,R001,134,46.5,0.22,多云
2026-09-05 15:00,R002,199,42.7,0.22,多云
2026-09-05 15:00,R003,166,40.9,0.29,多云
2026-09-05 15:00,R004,178,45.3,0.2,多云
2026-09-05 15:00,R005,151,41.1,0.23,多云
2026-09-05 15:00,R006,166,46.1,0.18,多云
2026-09-05 15:00,R007,177,40.0,0.26,多云
2026-09-05 15:00,R008,196,43.7,0.21,多云
2026-09-05 16:00,R001,140,45.4,0.19,多云
2026-09-05 16:00,R002,170,49.6,0.21,多云
2026-09-05 16:00,R003,190,43.1,0.22,多云
2026-09-05 16:00,R004,154,43.6,0.22,多云
2026-09-05 16:00,R005,167,47.8,0.18,多云
2026-09-05 16:00,R006,114,52.6,0.15,多云
2026-09-05 16:00,R007,173,47.2,0.18,多云
2026-09-05 16:00,R008,176,47.3,0.17,多云
2026-09-05 17:00,R001,273,18.5,0.41,晴
2026-09-05 17:00,R002,236,18.5,0.46,晴
2026-09-05 17:00,R003,254,16.7,0.44,晴
2026-09-05 17:00,R004,216,18.4,0.4,晴
2026-09-05 17:00,R005,238,19.3,0.4,晴
2026-09-05 17:00,R006,261,19.3,0.42,晴
2026-09-05 17:00,R007,265,10.7,0.48,晴
2026-09-05 17:00,R008,271,16.0,0.46,晴
2026-09-05 18:00,R001,228,17.4,0.43,晴
2026-09-05 18:00,R002,249,12.5,0.53,晴
2026-09-05 18:00,R003,274,10.9,0.48,晴
2026-09-05 18:00,R004,254,13.5,0.49,晴
2026-09-05 18:00,R005,253,11.2,0.47,晴
2026-09-05 18:00,R006,285,12.6,0.5,晴
2026-09-05 18:00,R007,267,16.9,0.49,晴
2026-09-05 18:00,R008,255,20.5,0.42,晴
2026-09-05 19:00,R001,247,25.7,0.39,晴
2026-09-05 19:00,R002,206,24.8,0.38,晴
2026-09-05 19:00,R003,254,23.1,0.44,晴
2026-09-05 19:00,R004,264,21.5,0.42,晴
2026-09-05 19:00,R005,244,28.6,0.41,晴
2026-09-05 19:00,R006,243,21.9,0.39,晴
2026-09-05 19:00,R007,237,29.1,0.31,晴
2026-09-05 19:00,R008,190,30.9,0.38,晴
2026-09-05 20:00,R001,96,74.5,0.05,晴
2026-09-05 20:00,R002,87,72.7,0.05,晴
2026-09-05 20:00,R003,91,77.9,0.05,晴
2026-09-05 20:00,R004,92,78.0,0.05,晴
2026-09-05 20:00,R005,51,76.6,0.05,晴
2026-09-05 20:00,R006,60,79.8,0.05,晴
2026-09-05 20:00,R007,47,75.9,0.05,晴
2026-09-05 20:00,R008,82,73.1,0.05,晴
2026-09-05 21:00,R001,51,75.4,0.05,晴
2026-09-05 21:00,R002,73,82.5,0.05,晴
2026-09-05 21:00,R003,84,73.6,0.05,晴
2026-09-05 21:00,R004,77,81.1,0.05,晴
2026-09-05 21:00,R005,43,83.0,0.05,晴
2026-09-05 21:00,R006,44,77.3,0.05,晴
2026-09-05 21:00,R007,55,74.7,0.05,晴
2026-09-05 21:00,R008,83,81.3,0.05,晴
2026-09-05 22:00,R001,107,68.2,0.07,晴
2026-09-05 22:00,R002,84,66.4,0.06,晴
2026-09-05 22:00,R003,107,60.2,0.12,晴
2026-09-05 22:00,R004,134,59.8,0.15,晴
2026-09-05 22:00,R005,89,68.0,0.08,晴
2026-09-05 22:00,R006,67,68.1,0.05,晴
2026-09-05 22:00,R007,124,67.7,0.05,晴
2026-09-05 22:00,R008,133,64.1,0.05,晴
2026-09-05 23:00,R001,112,72.3,0.05,晴
2026-09-05 23:00,R002,38,78.8,0.05,晴
2026-09-05 23:00,R003,94,76.3,0.05,晴
2026-09-05 23:00,R004,67,72.6,0.05,晴
2026-09-05 23:00,R005,58,72.5,0.05,晴
2026-09-05 23:00,R006,92,73.8,0.05,晴
2026-09-05 23:00,R007,63,78.8,0.05,晴
2026-09-05 23:00,R008,49,75.4,0.05,晴
2026-09-06 00:00,R001,74,78.8,0.05,晴
2026-09-06 00:00,R002,101,73.0,0.05,晴
2026-09-06 00:00,R003,100,75.5,0.05,晴
2026-09-06 00:00,R004,70,74.0,0.05,晴
2026-09-06 00:00,R005,90,77.8,0.05,晴
2026-09-06 00:00,R006,72,78.2,0.05,晴
2026-09-06 00:00,R007,108,72.6,0.05,晴
2026-09-06 00:00,R008,35,81.2,0.05,晴
2026-09-06 01:00,R001,128,61.0,0.11,晴
2026-09-06 01:00,R002,86,66.4,0.05,晴
2026-09-06 01:00,R003,88,61.5,0.09,晴
2026-09-06 01:00,R004,76,67.5,0.05,晴
2026-09-06 01:00,R005,97,63.4,0.09,晴
2026-09-06 01:00,R006,86,65.1,0.05,晴
2026-09-06 01:00,R007,105,60.8,0.05,晴
2026-09-06 01:00,R008,86,67.5,0.05,晴
2026-09-06 02:00,R001,61,71.4,0.05,晴
2026-09-06 02:00,R002,123,66.6,0.05,晴
2026-09-06 02:00,R003,78,69.2,0.05,晴
2026-09-06 02:00,R004,85,67.0,0.05,晴
2026-09-06 02:00,R005,93,72.3,0.05,晴
2026-09-06 02:00,R006,97,68.2,0.08,晴
2026-09-06 02:00,R007,91,70.7,0.05,晴
2026-09-06 02:00,R008,76,73.0,0.05,晴
2026-09-06 03:00,R001,91,77.1,0.05,晴
2026-09-06 03:00,R002,104,73.1,0.05,晴
2026-09-06 03:00,R003,91,77.4,0.05,晴
2026-09-06 03:00,R004,69,79.1,0.05,晴
2026-09-06 03:00,R005,40,79.9,0.05,晴
2026-09-06 03:00,R006,72,82.1,0.05,晴
2026-09-06 03:00,R007,99,76.6,0.05,晴
2026-09-06 03:00,R008,60,82.3,0.05,晴
2026-09-06 04:00,R001,116,69.3,0.05,晴
2026-09-06 04:00,R002,101,64.0,0.05,晴
2026-09-06 04:00,R003,108,62.9,0.11,晴
2026-09-06 04:00,R004,103,68.0,0.05,晴
2026-09-06 04:00,R005,101,64.4,0.05,晴
2026-09-06 04:00,R006,117,66.0,0.09,晴
2026-09-06 04:00,R007,95,69.4,0.05,晴
2026-09-06 04:00,R008,113,63.0,0.06,晴
2026-09-06 05:00,R001,98,67.0,0.05,晴
2026-09-06 05:00,R002,95,63.6,0.05,晴
2026-09-06 05:00,R003,103,69.3,0.05,晴
2026-09-06 05:00,R004,73,72.1,0.05,晴
2026-09-06 05:00,R005,113,70.7,0.05,晴
2026-09-06 05:00,R006,128,63.4,0.05,晴
2026-09-06 05:00,R007,101,66.0,0.07,晴
2026-09-06 05:00,R008,129,64.2,0.05,晴
2026-09-06 06:00,R001,82,78.9,0.05,晴
2026-09-06 06:00,R002,72,78.7,0.05,晴
2026-09-06 06:00,R003,89,76.6,0.05,晴
2026-09-06 06:00,R004,75,82.1,0.05,晴
2026-09-06 06:00,R005,40,79.6,0.05,晴
2026-09-06 06:00,R006,39,79.6,0.05,晴
2026-09-06 06:00,R007,21,83.3,0.05,晴
2026-09-06 06:00,R008,71,82.8,0.05,晴
2026-09-06 07:00,R001,227,28.3,0.34,晴
2026-09-06 07:00,R002,218,27.4,0.39,晴
2026-09-06 07:00,R003,210,20.4,0.42,晴
2026-09-06 07:00,R004,205,25.1,0.43,晴
2026-09-06 07:00,R005,215,25.0,0.36,晴
2026-09-06 07:00,R006,230,28.1,0.38,晴
2026-09-06 07:00,R007,227,22.0,0.38,晴
2026-09-06 07:00,R008,253,24.9,0.43,晴
2026-09-06 08:00,R001,197,29.7,0.34,晴
2026-09-06 08:00,R002,247,23.1,0.43,晴
2026-09-06 08:00,R003,255,23.0,0.42,晴
2026-09-06 08:00,R004,183,29.0,0.33,晴
2026-09-06 08:00,R005,195,31.0,0.39,晴
2026-09-06 08:00,R006,207,29.4,0.34,晴
2026-09-06 08:00,R007,205,26.4,0.38,晴
2026-09-06 08:00,R008,230,29.7,0.34,晴
2026-09-06 09:00,R001,258,17.2,0.49,晴
2026-09-06 09:00,R002,261,15.8,0.48,晴
2026-09-06 09:00,R003,231,15.0,0.43,晴
2026-09-06 09:00,R004,242,21.9,0.45,晴
2026-09-06 09:00,R005,268,14.7,0.52,晴
2026-09-06 09:00,R006,233,15.0,0.5,晴
2026-09-06 09:00,R007,255,21.0,0.46,晴
2026-09-06 09:00,R008,255,18.0,0.47,晴
2026-09-06 10:00,R001,151,59.6,0.08,多云
2026-09-06 10:00,R002,121,57.2,0.08,多云
2026-09-06 10:00,R003,124,60.1,0.07,多云
2026-09-06 10:00,R004,102,60.3,0.1,多云
2026-09-06 10:00,R005,141,60.9,0.11,多云
2026-09-06 10:00,R006,146,58.1,0.15,多云
2026-09-06 10:00,R007,95,61.8,0.05,多云
2026-09-06 10:00,R008,122,54.3,0.18,多云
2026-09-06 11:00,R001,143,55.9,0.12,多云
2026-09-06 11:00,R002,126,55.0,0.17,多云
2026-09-06 11:00,R003,145,57.1,0.11,多云
2026-09-06 11:00,R004,117,56.7,0.16,多云
2026-09-06 11:00,R005,145,58.8,0.12,多云
2026-09-06 11:00,R006,83,63.5,0.11,多云
2026-09-06 11:00,R007,144,59.1,0.1,多云
2026-09-06 11:00,R008,101,57.1,0.16,多云
2026-09-06 12:00,R001,173,40.4,0.27,多云
2026-09-06 12:00,R002,154,47.5,0.19,多云
2026-09-06 12:00,R003,179,45.6,0.22,多云
2026-09-06 12:00,R004,146,44.7,0.24,多云
2026-09-06 12:00,R005,170,38.5,0.31,多云
2026-09-06 12:00,R006,195,40.1,0.26,多云
2026-09-06 12:00,R007,136,46.1,0.23,多云
2026-09-06 12:00,R008,159,44.8,0.27,多云
2026-09-06 13:00,R001,146,45.0,0.21,多云
2026-09-06 13:00,R002,155,44.7,0.26,多云
2026-09-06 13:00,R003,171,46.5,0.23,多云
2026-09-06 13:00,R004,170,47.1,0.19,多云
2026-09-06 13:00,R005,155,45.9,0.23,多云
2026-09-06 13:00,R006,180,46.3,0.19,多云
2026-09-06 13:00,R007,171,47.5,0.21,多云
2026-09-06 13:00,R008,179,48.0,0.25,多云
2026-09-06 14:00,R001,133,52.6,0.13,多云
2026-09-06 14:00,R002,166,53.0,0.15,多云
2026-09-06 14:00,R003,175,45.9,0.18,多云
2026-09-06 14:00,R004,152,50.9,0.14,多云
2026-09-06 14:00,R005,167,47.2,0.16,多云
2026-09-06 14:00,R006,128,52.3,0.17,多云
2026-09-06 14:00,R007,197,44.1,0.25,多云
2026-09-06 14:00,R008,120,50.1,0.2,多云
2026-09-06 15:00,R001,155,49.2,0.19,多云
2026-09-06 15:00,R002,170,47.0,0.22,多云
2026-09-06 15:00,R003,164,48.4,0.21,多云
2026-09-06 15:00,R004,162,48.1,0.16,多云
2026-09-06 15:00,R005,115,53.7,0.17,多云
2026-09-06 15:00,R006,137,46.6,0.17,多云
2026-09-06 15:00,R007,139,47.4,0.18,多云
2026-09-06 15:00,R008,130,50.7,0.2,多云
2026-09-06 16:00,R001,171,42.8,0.21,多云
2026-09-06 16:00,R002,134,51.7,0.12,多云
2026-09-06 16:00,R003,177,49.1,0.22,多云
2026-09-06 16:00,R004,131,49.1,0.15,多云
2026-09-06 16:00,R005,170,47.5,0.16,多云
2026-09-06 16:00,R006,149,44.9,0.27,多云
2026-09-06 16:00,R007,161,45.3,0.18,多云
2026-09-06 16:00,R008,140,44.1,0.21,多云
2026-09-06 17:00,R001,226,29.2,0.32,晴
2026-09-06 17:00,R002,171,33.6,0.36,晴
2026-09-06 17:00,R003,182,32.7,0.31,晴
2026-09-06 17:00,R004,216,30.4,0.38,晴
2026-09-06 17:00,R005,237,27.0,0.34,晴
2026-09-06 17:00,R006,237,30.0,0.33,晴
2026-09-06 17:00,R007,231,29.9,0.38,晴
2026-09-06 17:00,R008,220,32.5,0.29,晴
2026-09-06 18:00,R001,253,24.5,0.36,晴
2026-09-06 18:00,R002,221,28.1,0.4,晴
2026-09-06 18:00,R003,188,30.7,0.33,晴
2026-09-06 18:00,R004,189,27.5,0.39,晴
2026-09-06 18:00,R005,231,32.3,0.29,晴
2026-09-06 18:00,R006,177,33.1,0.32,晴
2026-09-06 18:00,R007,212,24.4,0.38,晴
2026-09-06 18:00,R008,217,31.0,0.37,晴
2026-09-06 19:00,R001,247,27.2,0.39,晴
2026-09-06 19:00,R002,226,24.9,0.41,晴
2026-09-06 19:00,R003,242,22.5,0.39,晴
2026-09-06 19:00,R004,235,25.0,0.38,晴
2026-09-06 19:00,R005,213,29.9,0.4,晴
2026-09-06 19:00,R006,242,22.1,0.38,晴
2026-09-06 19:00,R007,231,30.0,0.39,晴
2026-09-06 19:00,R008,232,22.3,0.39,晴
2026-09-06 20:00,R001,58,74.9,0.05,晴
2026-09-06 20:00,R002,48,78.4,0.05,晴
2026-09-06 20:00,R003,49,82.4,0.05,晴
2026-09-06 20:00,R004,40,78.9,0.05,晴
2026-09-06 20:00,R005,33,80.9,0.05,晴
2026-09-06 20:00,R006,30,80.0,0.05,晴
2026-09-06 20:00,R007,65,80.4,0.05,晴
2026-09-06 20:00,R008,43,79.5,0.05,晴
2026-09-06 21:00,R001,40,77.6,0.05,晴
2026-09-06 21:00,R002,67,78.6,0.05,晴
2026-09-06 21:00,R003,73,78.7,0.05,晴
2026-09-06 21:00,R004,90,75.1,0.05,晴
2026-09-06 21:00,R005,87,77.4,0.05,晴
2026-09-06 21:00,R006,70,76.9,0.05,晴
2026-09-06 21:00,R007,56,74.5,0.05,晴
2026-09-06 21:00,R008,69,81.2,0.05,晴
2026-09-06 22:00,R001,118,69.1,0.05,晴
2026-09-06 22:00,R002,101,71.8,0.05,晴
2026-09-06 22:00,R003,89,68.3,0.07,晴
2026-09-06 22:00,R004,78,75.6,0.05,晴
2026-09-06 22:00,R005,94,71.7,0.05,晴
2026-09-06 22:00,R006,94,68.6,0.05,晴
2026-09-06 22:00,R007,123,67.7,0.07,晴
2026-09-06 22:00,R008,84,72.0,0.05,晴
2026-09-06 23:00,R001,120,64.3,0.05,晴
2026-09-06 23:00,R002,118,62.4,0.12,晴
2026-09-06 23:00,R003,102,63.6,0.12,晴
2026-09-06 23:00,R004,112,67.7,0.05,晴
2026-09-06 23:00,R005,123,68.2,0.05,晴
2026-09-06 23:00,R006,115,59.9,0.12,晴
2026-09-06 23:00,R007,89,66.0,0.07,晴
2026-09-06 23:00,R008,111,67.2,0.08,晴
2026-09-07 00:00,R001,98,69.7,0.05,晴
2026-09-07 00:00,R002,97,71.1,0.06,晴
2026-09-07 00:00,R003,104,74.2,0.05,晴
2026-09-07 00:00,R004,65,74.6,0.05,晴
2026-09-07 00:00,R005,85,71.2,0.05,晴
2026-09-07 00:00,R006,72,74.3,0.05,晴
2026-09-07 00:00,R007,58,76.1,0.05,晴
2026-09-07 00:00,R008,74,75.7,0.05,晴
2026-09-07 01:00,R001,88,64.6,0.09,晴
2026-09-07 01:00,R002,108,59.5,0.08,晴
2026-09-07 01:00,R003,112,66.3,0.05,晴
2026-09-07 01:00,R004,75,65.4,0.09,晴
2026-09-07 01:00,R005,145,58.9,0.13,晴
2026-09-07 01:00,R006,114,66.6,0.05,晴
2026-09-07 01:00,R007,136,60.3,0.13,晴
2026-09-07 01:00,R008,127,60.8,0.14,晴
2026-09-07 02:00,R001,111,72.3,0.05,晴
2026-09-07 02:00,R002,65,68.3,0.05,晴
2026-09-07 02:00,R003,109,69.0,0.06,晴
2026-09-07 02:00,R004,111,71.1,0.05,晴
2026-09-07 02:00,R005,107,69.2,0.05,晴
2026-09-07 02:00,R006,110,68.8,0.07,晴
2026-09-07 02:00,R007,83,65.7,0.07,晴
2026-09-07 02:00,R008,86,64.6,0.06,晴
2026-09-07 03:00,R001,102,66.8,0.05,晴
2026-09-07 03:00,R002,80,68.4,0.05,晴
2026-09-07 03:00,R003,70,69.6,0.05,晴
2026-09-07 03:00,R004,75,65.8,0.09,晴
2026-09-07 03:00,R005,103,68.7,0.05,晴
2026-09-07 03:00,R006,86,68.3,0.06,晴
2026-09-07 03:00,R007,86,65.7,0.05,晴
2026-09-07 03:00,R008,110,63.2,0.06,晴
2026-09-07 04:00,R001,83,66.7,0.05,晴
2026-09-07 04:00,R002,84,69.1,0.05,晴
2026-09-07 04:00,R003,81,73.3,0.05,晴
2026-09-07 04:00,R004,106,74.0,0.05,晴
2026-09-07 04:00,R005,79,72.4,0.05,晴
2026-09-07 04:00,R006,91,71.9,0.05,晴
2026-09-07 04:00,R007,71,72.6,0.05,晴
2026-09-07 04:00,R008,67,75.2,0.05,晴
2026-09-07 05:00,R001,109,69.8,0.05,晴
2026-09-07 05:00,R002,90,68.7,0.05,晴
2026-09-07 05:00,R003,72,69.6,0.05,晴
2026-09-07 05:00,R004,69,70.1,0.06,晴
2026-09-07 05:00,R005,72,66.0,0.05,晴
2026-09-07 05:00,R006,114,67.4,0.07,晴
2026-09-07 05:00,R007,81,64.9,0.06,晴
2026-09-07 05:00,R008,125,67.7,0.06,晴
2026-09-07 06:00,R001,82,77.3,0.05,晴
2026-09-07 06:00,R002,72,72.5,0.05,晴
2026-09-07 06:00,R003,112,68.5,0.05,晴
2026-09-07 06:00,R004,62,73.7,0.05,晴
2026-09-07 06:00,R005,92,71.8,0.05,晴
2026-09-07 06:00,R006,106,68.1,0.05,晴
2026-09-07 06:00,R007,84,74.3,0.05,晴
2026-09-07 06:00,R008,90,73.8,0.05,晴
2026-09-07 07:00,R001,228,29.6,0.33,晴
2026-09-07 07:00,R002,227,29.4,0.35,晴
2026-09-07 07:00,R003,212,32.5,0.33,晴
2026-09-07 07:00,R004,176,33.9,0.31,晴
2026-09-07 07:00,R005,193,36.5,0.34,晴
2026-09-07 07:00,R006,220,30.0,0.39,晴
2026-09-07 07:00,R007,204,36.5,0.28,晴
2026-09-07 07:00,R008,188,38.1,0.29,晴
2026-09-07 08:00,R001,268,12.5,0.5,晴
2026-09-07 08:00,R002,222,21.9,0.44,晴
2026-09-07 08:00,R003,226,21.5,0.41,晴
2026-09-07 08:00,R004,244,18.9,0.41,晴
2026-09-07 08:00,R005,275,14.7,0.45,晴
2026-09-07 08:00,R006,275,14.3,0.52,晴
2026-09-07 08:00,R007,262,21.0,0.47,晴
2026-09-07 08:00,R008,251,17.1,0.44,晴
2026-09-07 09:00,R001,276,12.3,0.5,晴
2026-09-07 09:00,R002,233,14.7,0.49,晴
2026-09-07 09:00,R003,270,12.3,0.54,晴
2026-09-07 09:00,R004,253,14.5,0.49,晴
2026-09-07 09:00,R005,261,14.4,0.49,晴
2026-09-07 09:00,R006,243,15.0,0.47,晴
2026-09-07 09:00,R007,250,11.4,0.48,晴
2026-09-07 09:00,R008,240,18.7,0.48,晴
2026-09-07 10:00,R001,185,45.7,0.22,多云
2026-09-07 10:00,R002,162,41.9,0.26,多云
2026-09-07 10:00,R003,186,40.1,0.3,多云
2026-09-07 10:00,R004,137,46.9,0.21,多云
2026-09-07 10:00,R005,200,41.0,0.22,多云
2026-09-07 10:00,R006,153,39.1,0.27,多云
2026-09-07 10:00,R007,188,38.7,0.27,多云
2026-09-07 10:00,R008,191,44.3,0.24,多云
2026-09-07 11:00,R001,122,58.6,0.14,多云
2026-09-07 11:00,R002,126,52.2,0.19,多云
2026-09-07 11:00,R003,119,55.9,0.13,多云
2026-09-07 11:00,R004,132,53.7,0.15,多云
2026-09-07 11:00,R005,155,55.2,0.17,多云
2026-09-07 11:00,R006,115,54.7,0.15,多云
2026-09-07 11:00,R007,121,53.0,0.2,多云
2026-09-07 11:00,R008,162,55.2,0.16,多云
2026-09-07 12:00,R001,131,50.7,0.18,多云
2026-09-07 12:00,R002,149,47.7,0.16,多云
2026-09-07 12:00,R003,176,49.2,0.18,多云
2026-09-07 12:00,R004,141,51.8,0.12,多云
2026-09-07 12:00,R005,118,56.9,0.15,多云
2026-09-07 12:00,R006,162,52.3,0.2,多云
2026-09-07 12:00,R007,153,49.7,0.15,多云
2026-09-07 12:00,R008,131,53.6,0.17,多云
2026-09-07 13:00,R001,109,61.1,0.13,多云
2026-09-07 13:00,R002,107,61.1,0.13,多云
2026-09-07 13:00,R003,116,60.8,0.1,多云
2026-09-07 13:00,R004,95,60.9,0.06,多云
2026-09-07 13:00,R005,138,56.7,0.1,多云
2026-09-07 13:00,R006,118,57.8,0.14,多云
2026-09-07 13:00,R007,112,57.1,0.16,多云
2026-09-07 13:00,R008,109,63.1,0.07,多云
2026-09-07 14:00,R001,194,41.9,0.2,多云
2026-09-07 14:00,R002,182,40.7,0.23,多云
2026-09-07 14:00,R003,132,46.6,0.22,多云
2026-09-07 14:00,R004,163,40.8,0.23,多云
2026-09-07 14:00,R005,156,49.8,0.19,多云
2026-09-07 14:00,R006,191,40.5,0.28,多云
2026-09-07 14:00,R007,145,43.1,0.24,多云
2026-09-07 14:00,R008,171,50.2,0.15,多云
2026-09-07 15:00,R001,132,61.8,0.12,多云
2026-09-07 15:00,R002,136,57.6,0.1,多云
2026-09-07 15:00,R003,101,63.0,0.07,多云
2026-09-07 15:00,R004,98,61.7,0.07,多云
2026-09-07 15:00,R005,111,56.8,0.16,多云
2026-09-07 15:00,R006,112,60.8,0.06,多云
2026-09-07 15:00,R007,128,56.7,0.14,多云
2026-09-07 15:00,R008,148,56.1,0.13,多云
2026-09-07 16:00,R001,149,42.8,0.25,多云
2026-09-07 16:00,R002,185,46.2,0.24,多云
2026-09-07 16:00,R003,168,44.4,0.22,多云
2026-09-07 16:00,R004,186,38.4,0.25,多云
2026-09-07 16:00,R005,179,46.0,0.2,多云
2026-09-07 16:00,R006,183,43.8,0.26,多云
2026-09-07 16:00,R007,141,44.9,0.19,多云
2026-09-07 16:00,R008,155,42.7,0.28,多云
2026-09-07 17:00,R001,221,24.4,0.37,晴
2026-09-07 17:00,R002,248,22.8,0.42,晴
2026-09-07 17:00,R003,220,16.8,0.48,晴
2026-09-07 17:00,R004,221,22.5,0.4,晴
2026-09-07 17:00,R005,257,17.2,0.43,晴
2026-09-07 17:00,R006,222,24.2,0.38,晴
2026-09-07 17:00,R007,255,18.4,0.47,晴
2026-09-07 17:00,R008,257,19.8,0.43,晴
2026-09-07 18:00,R001,216,23.0,0.39,晴
2026-09-07 18:00,R002,249,20.8,0.45,晴
2026-09-07 18:00,R003,231,26.0,0.41,晴
2026-09-07 18:00,R004,246,21.9,0.38,晴
2026-09-07 18:00,R005,235,19.5,0.42,晴
2026-09-07 18:00,R006,243,22.9,0.43,晴
2026-09-07 18:00,R007,270,19.0,0.39,晴
2026-09-07 18:00,R008,223,18.3,0.49,晴
2026-09-07 19:00,R001,225,19.3,0.4,晴
2026-09-07 19:00,R002,235,19.1,0.49,晴
2026-09-07 19:00,R003,226,24.8,0.41,晴
2026-09-07 19:00,R004,252,24.7,0.43,晴
2026-09-07 19:00,R005,221,25.1,0.36,晴
2026-09-07 19:00,R006,242,25.3,0.37,晴
2026-09-07 19:00,R007,248,19.0,0.44,晴
2026-09-07 19:00,R008,217,21.0,0.38,晴
2026-09-07 20:00,R001,100,59.8,0.15,晴
2026-09-07 20:00,R002,88,67.6,0.05,晴
2026-09-07 20:00,R003,104,65.6,0.08,晴
2026-09-07 20:00,R004,93,60.5,0.07,晴
2026-09-07 20:00,R005,120,68.1,0.05,晴
2026-09-07 20:00,R006,78,69.4,0.05,晴
2026-09-07 20:00,R007,140,61.7,0.09,晴
2026-09-07 20:00,R008,107,62.4,0.05,晴
2026-09-07 21:00,R001,148,59.4,0.14,晴
2026-09-07 21:00,R002,124,66.0,0.08,晴
2026-09-07 21:00,R003,125,62.2,0.13,晴
2026-09-07 21:00,R004,129,62.1,0.11,晴
2026-09-07 21:00,R005,99,66.1,0.05,晴
2026-09-07 21:00,R006,84,62.3,0.05,晴
2026-09-07 21:00,R007,136,57.1,0.17,晴
2026-09-07 21:00,R008,94,63.2,0.05,晴
2026-09-07 22:00,R001,32,79.3,0.05,晴
2026-09-07 22:00,R002,45,76.6,0.05,晴
2026-09-07 22:00,R003,27,82.3,0.05,晴
2026-09-07 22:00,R004,54,78.9,0.05,晴
2026-09-07 22:00,R005,96,76.8,0.05,晴
2026-09-07 22:00,R006,50,83.2,0.05,晴
2026-09-07 22:00,R007,77,81.5,0.05,晴
2026-09-07 22:00,R008,56,76.1,0.05,晴
2026-09-07 23:00,R001,147,59.2,0.12,晴
2026-09-07 23:00,R002,112,64.8,0.09,晴
2026-09-07 23:00,R003,82,63.5,0.07,晴
2026-09-07 23:00,R004,106,64.3,0.11,晴
2026-09-07 23:00,R005,120,67.1,0.05,晴
2026-09-07 23:00,R006,120,68.0,0.05,晴
2026-09-07 23:00,R007,123,60.3,0.05,晴
2026-09-07 23:00,R008,100,66.1,0.05,晴
